snapshot_id,lane_id,voyage_key,atd,atd_year,atd_month,schedule_date,route,direct,days,bl_count,status
2026-09-09_ham-sha_merged,HAM-SHA,2022-10-25|2022-12-01|,2022-10-25,2022,2022-10,2022-12-01,,U,37,2,schedule_passed
2026-09-09_ham-sha_merged,HAM-SHA,2022-10-29|2022-12-01|,2022-10-29,2022,2022-10,2022-12-01,,U,33,1,schedule_passed
2026-09-09_ham-sha_merged,HAM-SHA,2022-11-01|2022-12-07|,2022-11-01,2022,2022-11,2022-12-07,,U,36,2,schedule_passed
2026-09-09_ham-sha_merged,HAM-SHA,2022-11-08|2022-12-15|,2022-11-08,2022,2022-11,2022-12-15,,U,37,2,schedule_passed
2026-09-09_ham-sha_merged,HAM-SHA,2022-11-10|2022-12-21|,2022-11-10,2022,2022-11,2022-12-21,,U,41,1,schedule_passed
2026-09-09_ham-sha_merged,HAM-SHA,2022-11-17|2023-01-02|,2022-11-17,2022,2022-11,2023-01-02,,U,46,2,schedule_passed
2026-09-09_ham-sha_merged,HAM-SHA,2022-11-23|2023-01-04|,2022-11-23,2022,2022-11,2023-01-04,,U,42,1,schedule_passed
2026-09-09_ham-sha_merged,HAM-SHA,2022-12-02|2023-01-07|,2022-12-02,2022,2022-12,2023-01-07,,U,36,1,schedule_passed
2026-09-09_ham-sha_merged,HAM-SHA,2022-12-05|2023-01-22|,2022-12-05,2022,2022-12,2023-01-22,,U,48,2,schedule_passed
2026-09-09_ham-sha_merged,HAM-SHA,2022-12-06|2023-01-12|,2022-12-06,2022,2022-12,2023-01-12,,U,37,2,schedule_passed
2026-09-09_ham-sha_merged,HAM-SHA,2022-12-10|2023-01-13|,2022-12-10,2022,2022-12,2023-01-13,,U,34,1,schedule_passed
2026-09-09_ham-sha_merged,HAM-SHA,2022-12-13|2023-01-22|,2022-12-13,2022,2022-12,2023-01-22,,U,40,1,schedule_passed
2026-09-09_ham-sha_merged,HAM-SHA,2022-12-13|2023-01-23|,2022-12-13,2022,2022-12,2023-01-23,,U,41,1,schedule_passed
2026-09-09_ham-sha_merged,HAM-SHA,2022-12-23|2023-01-27|,2022-12-23,2022,2022-12,2023-01-27,,U,35,1,schedule_passed
2026-09-09_ham-sha_merged,HAM-SHA,2022-12-23|2023-02-06|,2022-12-23,2022,2022-12,2023-02-06,,U,45,1,schedule_passed
2026-09-09_ham-sha_merged,HAM-SHA,2022-12-26|2023-02-06|,2022-12-26,2022,2022-12,2023-02-06,,U,42,1,schedule_passed
2026-09-09_ham-sha_merged,HAM-SHA,2022-12-28|2023-02-06|,2022-12-28,2022,2022-12,2023-02-06,,U,40,2,schedule_passed
2026-09-09_ham-sha_merged,HAM-SHA,2023-01-02|2023-03-05|,2023-01-02,2023,2023-01,2023-03-05,,U,62,1,schedule_passed
2026-09-09_ham-sha_merged,HAM-SHA,2023-01-09|2023-02-11|,2023-01-09,2023,2023-01,2023-02-11,,U,33,1,schedule_passed
2026-09-09_ham-sha_merged,HAM-SHA,2023-01-09|2023-03-01|,2023-01-09,2023,2023-01,2023-03-01,,U,51,2,schedule_passed
2026-09-09_ham-sha_merged,HAM-SHA,2023-01-10|2023-03-01|,2023-01-10,2023,2023-01,2023-03-01,,U,50,1,schedule_passed
2026-09-09_ham-sha_merged,HAM-SHA,2023-01-21|2023-03-11|,2023-01-21,2023,2023-01,2023-03-11,,U,49,4,schedule_passed
2026-09-09_ham-sha_merged,HAM-SHA,2023-01-27|2023-03-22|,2023-01-27,2023,2023-01,2023-03-22,,U,54,2,schedule_passed
2026-09-09_ham-sha_merged,HAM-SHA,2023-01-29|2023-03-02|,2023-01-29,2023,2023-01,2023-03-02,,U,32,1,schedule_passed
2026-09-09_ham-sha_merged,HAM-SHA,2023-02-04|2023-04-08|,2023-02-04,2023,2023-02,2023-04-08,,U,63,1,schedule_passed
2026-09-09_ham-sha_merged,HAM-SHA,2023-02-04|2023-04-26|,2023-02-04,2023,2023-02,2023-04-26,,U,81,1,schedule_passed
2026-09-09_ham-sha_merged,HAM-SHA,2023-02-13|2023-04-09|,2023-02-13,2023,2023-02,2023-04-09,,U,55,1,schedule_passed
2026-09-09_ham-sha_merged,HAM-SHA,2023-02-19|2023-03-23|,2023-02-19,2023,2023-02,2023-03-23,,U,32,1,schedule_passed
2026-09-09_ham-sha_merged,HAM-SHA,2023-02-22|2023-04-13|,2023-02-22,2023,2023-02,2023-04-13,,U,50,2,schedule_passed
2026-09-09_ham-sha_merged,HAM-SHA,2023-03-02|2023-04-18|,2023-03-02,2023,2023-03,2023-04-18,,U,47,2,schedule_passed
2026-09-09_ham-sha_merged,HAM-SHA,2023-03-05|2023-04-07|,2023-03-05,2023,2023-03,2023-04-07,,U,33,1,schedule_passed
2026-09-09_ham-sha_merged,HAM-SHA,2023-03-11|2023-04-25|,2023-03-11,2023,2023-03,2023-04-25,,U,45,3,schedule_passed
2026-09-09_ham-sha_merged,HAM-SHA,2023-03-15|2023-05-12|,2023-03-15,2023,2023-03,2023-05-12,,U,58,2,schedule_passed
2026-09-09_ham-sha_merged,HAM-SHA,2023-03-15|2023-05-19|,2023-03-15,2023,2023-03,2023-05-19,,U,65,1,schedule_passed
2026-09-09_ham-sha_merged,HAM-SHA,2023-03-24|2023-04-29|,2023-03-24,2023,2023-03,2023-04-29,,U,36,1,schedule_passed
2026-09-09_ham-sha_merged,HAM-SHA,2023-03-30|2023-05-16|,2023-03-30,2023,2023-03,2023-05-16,,U,47,2,schedule_passed
2026-09-09_ham-sha_merged,HAM-SHA,2023-04-06|2023-05-23|,2023-04-06,2023,2023-04,2023-05-23,,U,47,3,schedule_passed
2026-09-09_ham-sha_merged,HAM-SHA,2023-04-08|2023-05-11|,2023-04-08,2023,2023-04,2023-05-11,,U,33,1,schedule_passed
2026-09-09_ham-sha_merged,HAM-SHA,2023-04-21|2023-06-07|,2023-04-21,2023,2023-04,2023-06-07,,U,47,3,schedule_passed
2026-09-09_ham-sha_merged,HAM-SHA,2023-04-28|2023-06-21|,2023-04-28,2023,2023-04,2023-06-21,,U,54,2,schedule_passed
2026-09-09_ham-sha_merged,HAM-SHA,2023-05-06|2023-07-05|,2023-05-06,2023,2023-05,2023-07-05,,U,60,1,schedule_passed
2026-09-09_ham-sha_merged,HAM-SHA,2023-05-06|2023-07-19|,2023-05-06,2023,2023-05,2023-07-19,,U,74,2,schedule_passed
2026-09-09_ham-sha_merged,HAM-SHA,2023-05-12|2023-06-28|,2023-05-12,2023,2023-05,2023-06-28,,U,47,2,schedule_passed
2026-09-09_ham-sha_merged,HAM-SHA,2023-05-19|2023-07-04|,2023-05-19,2023,2023-05,2023-07-04,,U,46,2,schedule_passed
2026-09-09_ham-sha_merged,HAM-SHA,2023-05-26|2023-07-11|,2023-05-26,2023,2023-05,2023-07-11,,U,46,2,schedule_passed
2026-09-09_ham-sha_merged,HAM-SHA,2023-06-02|2023-07-25|,2023-06-02,2023,2023-06,2023-07-25,,U,53,2,schedule_passed
2026-09-09_ham-sha_merged,HAM-SHA,2023-06-09|2023-07-31|,2023-06-09,2023,2023-06,2023-07-31,,U,52,2,schedule_passed
2026-09-09_ham-sha_merged,HAM-SHA,2023-06-16|2023-08-08|,2023-06-16,2023,2023-06,2023-08-08,,U,53,2,schedule_passed
2026-09-09_ham-sha_merged,HAM-SHA,2023-06-22|2023-08-30|,2023-06-22,2023,2023-06,2023-08-30,,U,69,2,schedule_passed
2026-09-09_ham-sha_merged,HAM-SHA,2023-06-30|2023-08-21|,2023-06-30,2023,2023-06,2023-08-21,,U,52,2,schedule_passed
2026-09-09_ham-sha_merged,HAM-SHA,2023-07-07|2023-08-29|,2023-07-07,2023,2023-07,2023-08-29,,U,53,2,schedule_passed
2026-09-09_ham-sha_merged,HAM-SHA,2023-07-14|2023-09-04|,2023-07-14,2023,2023-07,2023-09-04,,U,52,3,schedule_passed
2026-09-09_ham-sha_merged,HAM-SHA,2023-07-23|2023-09-19|,2023-07-23,2023,2023-07,2023-09-19,,U,58,3,schedule_passed
2026-09-09_ham-sha_merged,HAM-SHA,2023-07-27|2023-09-19|,2023-07-27,2023,2023-07,2023-09-19,,U,54,2,schedule_passed
2026-09-09_ham-sha_merged,HAM-SHA,2023-08-05|2023-09-26|,2023-08-05,2023,2023-08,2023-09-26,,U,52,3,schedule_passed
2026-09-09_ham-sha_merged,HAM-SHA,2023-08-12|2023-10-03|,2023-08-12,2023,2023-08,2023-10-03,,U,52,3,schedule_passed
2026-09-09_ham-sha_merged,HAM-SHA,2023-08-19|2023-10-15|,2023-08-19,2023,2023-08,2023-10-15,,U,57,3,schedule_passed
2026-09-09_ham-sha_merged,HAM-SHA,2023-08-26|2023-10-17|,2023-08-26,2023,2023-08,2023-10-17,,U,52,3,schedule_passed
2026-09-09_ham-sha_merged,HAM-SHA,2023-09-04|2023-10-24|,2023-09-04,2023,2023-09,2023-10-24,,U,50,2,schedule_passed
2026-09-09_ham-sha_merged,HAM-SHA,2023-09-10|2023-10-30|,2023-09-10,2023,2023-09,2023-10-30,,U,50,2,schedule_passed
2026-09-09_ham-sha_merged,HAM-SHA,2023-09-17|2023-11-07|,2023-09-17,2023,2023-09,2023-11-07,,U,51,3,schedule_passed
2026-09-09_ham-sha_merged,HAM-SHA,2023-09-24|2023-11-15|,2023-09-24,2023,2023-09,2023-11-15,,U,52,3,schedule_passed
2026-09-09_ham-sha_merged,HAM-SHA,2023-09-30|2023-11-14|,2023-09-30,2023,2023-09,2023-11-14,,U,45,2,schedule_passed
2026-09-09_ham-sha_merged,HAM-SHA,2023-10-08|2023-11-20|,2023-10-08,2023,2023-10,2023-11-20,,U,43,2,schedule_passed
2026-09-09_ham-sha_merged,HAM-SHA,2023-10-21|2023-12-04|,2023-10-21,2023,2023-10,2023-12-04,,U,44,3,schedule_passed
2026-09-09_ham-sha_merged,HAM-SHA,2023-10-21|2023-12-13|,2023-10-21,2023,2023-10,2023-12-13,,U,53,1,schedule_passed
2026-09-09_ham-sha_merged,HAM-SHA,2023-10-28|2023-12-11|,2023-10-28,2023,2023-10,2023-12-11,,U,44,3,schedule_passed
2026-09-09_ham-sha_merged,HAM-SHA,2023-10-28|2023-12-13|,2023-10-28,2023,2023-10,2023-12-13,,U,46,1,schedule_passed
2026-09-09_ham-sha_merged,HAM-SHA,2023-11-04|2023-12-18|,2023-11-04,2023,2023-11,2023-12-18,,U,44,2,schedule_passed
2026-09-09_ham-sha_merged,HAM-SHA,2023-11-04|2023-12-19|,2023-11-04,2023,2023-11,2023-12-19,,U,45,1,schedule_passed
2026-09-09_ham-sha_merged,HAM-SHA,2023-11-14|2023-12-28|,2023-11-14,2023,2023-11,2023-12-28,,U,44,4,schedule_passed
2026-09-09_ham-sha_merged,HAM-SHA,2023-11-27|2024-01-25|HAM-SIN-SHA,2023-11-27,2023,2023-11,2024-01-25,HAM-SIN-SHA,N,59,2,schedule_passed
2026-09-09_ham-sha_merged,HAM-SHA,2023-11-29|2024-01-27|HAM-SIN-SHA,2023-11-29,2023,2023-11,2024-01-27,HAM-SIN-SHA,N,59,1,schedule_passed
2026-09-09_ham-sha_merged,HAM-SHA,2023-12-02|2024-01-25|HAM-SIN-SHA,2023-12-02,2023,2023-12,2024-01-25,HAM-SIN-SHA,N,54,2,schedule_passed
2026-09-09_ham-sha_merged,HAM-SHA,2023-12-02|2024-02-22|HAM-SIN-SHA,2023-12-02,2023,2023-12,2024-02-22,HAM-SIN-SHA,N,82,1,schedule_passed
2026-09-09_ham-sha_merged,HAM-SHA,2023-12-10|2024-02-09|,2023-12-10,2023,2023-12,2024-02-09,,U,61,2,schedule_passed
2026-09-09_ham-sha_merged,HAM-SHA,2023-12-20|2024-02-09|,2023-12-20,2023,2023-12,2024-02-09,,U,51,2,schedule_passed
2026-09-09_ham-sha_merged,HAM-SHA,2024-01-06|2024-03-03|,2024-01-06,2024,2024-01,2024-03-03,,U,57,4,schedule_passed
2026-09-09_ham-sha_merged,HAM-SHA,2024-01-06|2024-03-04|,2024-01-06,2024,2024-01,2024-03-04,,U,58,1,schedule_passed
2026-09-09_ham-sha_merged,HAM-SHA,2024-01-10|2024-02-21|,2024-01-10,2024,2024-01,2024-02-21,,U,42,3,schedule_passed
2026-09-09_ham-sha_merged,HAM-SHA,2024-01-27|2024-03-15|,2024-01-27,2024,2024-01,2024-03-15,,U,48,2,schedule_passed
2026-09-09_ham-sha_merged,HAM-SHA,2024-02-02|2024-03-25|,2024-02-02,2024,2024-02,2024-03-25,,U,52,2,schedule_passed
2026-09-09_ham-sha_merged,HAM-SHA,2024-02-07|2024-03-25|,2024-02-07,2024,2024-02,2024-03-25,,U,47,2,schedule_passed
2026-09-09_ham-sha_merged,HAM-SHA,2024-02-07|2024-03-26|,2024-02-07,2024,2024-02,2024-03-26,,U,48,1,schedule_passed
2026-09-09_ham-sha_merged,HAM-SHA,2024-02-10|2024-04-03|,2024-02-10,2024,2024-02,2024-04-03,,U,53,2,schedule_passed
2026-09-09_ham-sha_merged,HAM-SHA,2024-02-19|2024-04-18|,2024-02-19,2024,2024-02,2024-04-18,,U,59,3,schedule_passed
2026-09-09_ham-sha_merged,HAM-SHA,2024-02-25|2024-04-25|,2024-02-25,2024,2024-02,2024-04-25,,U,60,3,schedule_passed
2026-09-09_ham-sha_merged,HAM-SHA,2024-03-07|2024-05-08|,2024-03-07,2024,2024-03,2024-05-08,,U,62,1,schedule_passed
2026-09-09_ham-sha_merged,HAM-SHA,2024-03-07|2024-05-23|,2024-03-07,2024,2024-03,2024-05-23,,U,77,2,schedule_passed
2026-09-09_ham-sha_merged,HAM-SHA,2024-03-12|2024-05-08|,2024-03-12,2024,2024-03,2024-05-08,,U,57,1,schedule_passed
2026-09-09_ham-sha_merged,HAM-SHA,2024-03-12|2024-05-10|,2024-03-12,2024,2024-03,2024-05-10,,U,59,1,schedule_passed
2026-09-09_ham-sha_merged,HAM-SHA,2024-03-12|2024-05-11|,2024-03-12,2024,2024-03,2024-05-11,,U,60,1,schedule_passed
2026-09-09_ham-sha_merged,HAM-SHA,2024-03-20|2024-05-14|,2024-03-20,2024,2024-03,2024-05-14,,U,55,2,schedule_passed
2026-09-09_ham-sha_merged,HAM-SHA,2024-03-24|2024-05-23|,2024-03-24,2024,2024-03,2024-05-23,,U,60,2,schedule_passed
2026-09-09_ham-sha_merged,HAM-SHA,2024-03-30|2024-05-23|,2024-03-30,2024,2024-03,2024-05-23,,U,54,2,schedule_passed
2026-09-09_ham-sha_merged,HAM-SHA,2024-04-16|2024-06-19|HAM-TAN-SIN-SHA,2024-04-16,2024,2024-04,2024-06-19,HAM-TAN-SIN-SHA,N,64,2,schedule_passed
2026-09-09_ham-sha_merged,HAM-SHA,2024-04-16|2024-06-22|HAM-TAN-SHA,2024-04-16,2024,2024-04,2024-06-22,HAM-TAN-SHA,N,67,1,schedule_passed
2026-09-09_ham-sha_merged,HAM-SHA,2024-04-25|2024-06-19|HAM-BRE-SHA,2024-04-25,2024,2024-04,2024-06-19,HAM-BRE-SHA,N,55,4,schedule_passed
2026-09-09_ham-sha_merged,HAM-SHA,2024-04-26|2024-06-22|HAM-TAN-SHA,2024-04-26,2024,2024-04,2024-06-22,HAM-TAN-SHA,N,57,2,schedule_passed
2026-09-09_ham-sha_merged,HAM-SHA,2024-05-04|2024-06-26|HAM-TAN-SHA,2024-05-04,2024,2024-05,2024-06-26,HAM-TAN-SHA,N,53,2,schedule_passed
2026-09-09_ham-sha_merged,HAM-SHA,2024-05-07|2024-06-26|HAM-TAN-SHA,2024-05-07,2024,2024-05,2024-06-26,HAM-TAN-SHA,N,50,2,schedule_passed
2026-09-09_ham-sha_merged,HAM-SHA,2024-05-15|2024-07-08|HAM-TAN-SHA,2024-05-15,2024,2024-05,2024-07-08,HAM-TAN-SHA,N,54,2,schedule_passed
2026-09-09_ham-sha_merged,HAM-SHA,2024-05-15|2024-07-09|HAM-TAN-SHA,2024-05-15,2024,2024-05,2024-07-09,HAM-TAN-SHA,N,55,1,schedule_passed
2026-09-09_ham-sha_merged,HAM-SHA,2024-05-21|2024-07-12|HAM-TAN-SHA,2024-05-21,2024,2024-05,2024-07-12,HAM-TAN-SHA,N,52,2,schedule_passed
2026-09-09_ham-sha_merged,HAM-SHA,2024-05-21|2024-07-25|HAM-SHA,2024-05-21,2024,2024-05,2024-07-25,HAM-SHA,Y,65,1,schedule_passed
2026-09-09_ham-sha_merged,HAM-SHA,2024-05-29|2024-07-20|HAM-TAN-SHA,2024-05-29,2024,2024-05,2024-07-20,HAM-TAN-SHA,N,52,3,schedule_passed
2026-09-09_ham-sha_merged,HAM-SHA,2024-06-04|2024-07-31|HAM-TAN-SHA,2024-06-04,2024,2024-06,2024-07-31,HAM-TAN-SHA,N,57,3,schedule_passed
2026-09-09_ham-sha_merged,HAM-SHA,2024-06-11|2024-07-31|HAM-TAN-SHA,2024-06-11,2024,2024-06,2024-07-31,HAM-TAN-SHA,N,50,1,schedule_passed
2026-09-09_ham-sha_merged,HAM-SHA,2024-06-16|2024-08-07|HAM-TAN-SHA,2024-06-16,2024,2024-06,2024-08-07,HAM-TAN-SHA,N,52,3,schedule_passed
2026-09-09_ham-sha_merged,HAM-SHA,2024-06-20|2024-08-07|HAM-TAN-SHA,2024-06-20,2024,2024-06,2024-08-07,HAM-TAN-SHA,N,48,1,schedule_passed
2026-09-09_ham-sha_merged,HAM-SHA,2024-06-26|2024-08-20|HAM-TAN-SHA,2024-06-26,2024,2024-06,2024-08-20,HAM-TAN-SHA,N,55,2,schedule_passed
2026-09-09_ham-sha_merged,HAM-SHA,2024-06-26|2024-08-21|HAM-TAN-SHA,2024-06-26,2024,2024-06,2024-08-21,HAM-TAN-SHA,N,56,1,schedule_passed
2026-09-09_ham-sha_merged,HAM-SHA,2024-07-03|2024-08-30|HAM-TAN-SHA,2024-07-03,2024,2024-07,2024-08-30,HAM-TAN-SHA,N,58,2,schedule_passed
2026-09-09_ham-sha_merged,HAM-SHA,2024-07-03|2024-08-31|HAM-TAN-SHA,2024-07-03,2024,2024-07,2024-08-31,HAM-TAN-SHA,N,59,1,schedule_passed
2026-09-09_ham-sha_merged,HAM-SHA,2024-07-12|2024-09-03|HAM-TAN-SHA,2024-07-12,2024,2024-07,2024-09-03,HAM-TAN-SHA,N,53,1,schedule_passed
2026-09-09_ham-sha_merged,HAM-SHA,2024-07-18|2024-09-12|HAM-TAN-SHA,2024-07-18,2024,2024-07,2024-09-12,HAM-TAN-SHA,N,56,3,schedule_passed
2026-09-09_ham-sha_merged,HAM-SHA,2024-08-04|2024-09-26|HAM-TAN-SHA,2024-08-04,2024,2024-08,2024-09-26,HAM-TAN-SHA,N,53,5,schedule_passed
2026-09-09_ham-sha_merged,HAM-SHA,2024-08-13|2024-10-08|HAM-TAN-SHA,2024-08-13,2024,2024-08,2024-10-08,HAM-TAN-SHA,N,56,2,schedule_passed
2026-09-09_ham-sha_merged,HAM-SHA,2024-08-13|2024-10-09|HAM-TAN-SHA,2024-08-13,2024,2024-08,2024-10-09,HAM-TAN-SHA,N,57,2,schedule_passed
2026-09-09_ham-sha_merged,HAM-SHA,2024-08-13|2024-10-11|HAM-SHA,2024-08-13,2024,2024-08,2024-10-11,HAM-SHA,Y,59,1,schedule_passed
2026-09-09_ham-sha_merged,HAM-SHA,2024-08-19|2024-10-13|HAM-TAN-ALG-SHA,2024-08-19,2024,2024-08,2024-10-13,HAM-TAN-ALG-SHA,N,55,1,schedule_passed
2026-09-09_ham-sha_merged,HAM-SHA,2024-08-22|2024-10-10|HAM-TAN-SHA,2024-08-22,2024,2024-08,2024-10-10,HAM-TAN-SHA,N,49,2,schedule_passed
2026-09-09_ham-sha_merged,HAM-SHA,2024-08-27|2024-10-13|HAM-TAN-SHA,2024-08-27,2024,2024-08,2024-10-13,HAM-TAN-SHA,N,47,1,schedule_passed
2026-09-09_ham-sha_merged,HAM-SHA,2024-08-27|2024-10-22|HAM-TAN-SHA,2024-08-27,2024,2024-08,2024-10-22,HAM-TAN-SHA,N,56,1,schedule_passed
2026-09-09_ham-sha_merged,HAM-SHA,2024-08-30|2024-10-13|HAM-TAN-SHA,2024-08-30,2024,2024-08,2024-10-13,HAM-TAN-SHA,N,44,1,schedule_passed
2026-09-09_ham-sha_merged,HAM-SHA,2024-09-03|2024-10-22|HAM-TAN-SHA,2024-09-03,2024,2024-09,2024-10-22,HAM-TAN-SHA,N,49,3,schedule_passed
2026-09-09_ham-sha_merged,HAM-SHA,2024-09-11|2024-11-10|HAM-TAN-MED2-SHA,2024-09-11,2024,2024-09,2024-11-10,HAM-TAN-MED2-SHA,N,60,1,schedule_passed
2026-09-09_ham-sha_merged,HAM-SHA,2024-09-11|2024-11-12|HAM-TAN-SHA,2024-09-11,2024,2024-09,2024-11-12,HAM-TAN-SHA,N,62,1,schedule_passed
2026-09-09_ham-sha_merged,HAM-SHA,2024-09-27|2024-11-24|HAM-RTM-SHA,2024-09-27,2024,2024-09,2024-11-24,HAM-RTM-SHA,N,58,2,schedule_passed
2026-09-09_ham-sha_merged,HAM-SHA,2024-10-02|2024-11-18|HAM-BRE-SHA,2024-10-02,2024,2024-10,2024-11-18,HAM-BRE-SHA,N,47,1,schedule_passed
2026-09-09_ham-sha_merged,HAM-SHA,2024-10-02|2024-11-26|HAM-TAN-SHA,2024-10-02,2024,2024-10,2024-11-26,HAM-TAN-SHA,N,55,2,schedule_passed
2026-09-09_ham-sha_merged,HAM-SHA,2024-10-11|2024-12-05|HAM-TAN-SHA,2024-10-11,2024,2024-10,2024-12-05,HAM-TAN-SHA,N,55,5,schedule_passed
2026-09-09_ham-sha_merged,HAM-SHA,2024-10-11|2024-12-22|HAM-YTN-TPP-SHA,2024-10-11,2024,2024-10,2024-12-22,HAM-YTN-TPP-SHA,N,72,1,schedule_passed
2026-09-09_ham-sha_merged,HAM-SHA,2024-10-15|2024-12-05|HAM-TAN-SHA,2024-10-15,2024,2024-10,2024-12-05,HAM-TAN-SHA,N,51,2,schedule_passed
2026-09-09_ham-sha_merged,HAM-SHA,2024-10-23|2024-12-21|HAM-TAN-SHA,2024-10-23,2024,2024-10,2024-12-21,HAM-TAN-SHA,N,59,4,schedule_passed
2026-09-09_ham-sha_merged,HAM-SHA,2024-10-31|2024-12-31|HAM-TAN-MED2-TAN-SHA,2024-10-31,2024,2024-10,2024-12-31,HAM-TAN-MED2-TAN-SHA,N,61,2,schedule_passed
2026-09-09_ham-sha_merged,HAM-SHA,2024-10-31|2025-01-16|HAM-TAN-MED2-YTN-SHA,2024-10-31,2024,2024-10,2025-01-16,HAM-TAN-MED2-YTN-SHA,N,77,1,schedule_passed
2026-09-09_ham-sha_merged,HAM-SHA,2024-11-06|2024-12-31|HAM-TAN-SHA,2024-11-06,2024,2024-11,2024-12-31,HAM-TAN-SHA,N,55,1,schedule_passed
2026-09-09_ham-sha_merged,HAM-SHA,2024-11-06|2025-01-02|HAM-TAN-SHA,2024-11-06,2024,2024-11,2025-01-02,HAM-TAN-SHA,N,57,1,schedule_passed
2026-09-09_ham-sha_merged,HAM-SHA,2024-11-18|2025-01-07|HAM-TAN-SHA,2024-11-18,2024,2024-11,2025-01-07,HAM-TAN-SHA,N,50,2,schedule_passed
2026-09-09_ham-sha_merged,HAM-SHA,2024-11-18|2025-01-08|HAM-TAN-SHA,2024-11-18,2024,2024-11,2025-01-08,HAM-TAN-SHA,N,51,2,schedule_passed
2026-09-09_ham-sha_merged,HAM-SHA,2024-11-23|2025-01-16|HAM-TAN-SHA,2024-11-23,2024,2024-11,2025-01-16,HAM-TAN-SHA,N,54,2,schedule_passed
2026-09-09_ham-sha_merged,HAM-SHA,2024-11-26|2025-01-21|HAM-TAN-SHA,2024-11-26,2024,2024-11,2025-01-21,HAM-TAN-SHA,N,56,3,schedule_passed
2026-09-09_ham-sha_merged,HAM-SHA,2024-12-07|2025-01-27|HAM-TAN-SHA,2024-12-07,2024,2024-12,2025-01-27,HAM-TAN-SHA,N,51,3,schedule_passed
2026-09-09_ham-sha_merged,HAM-SHA,2024-12-14|2025-02-09|HAM-TAN-SHA,2024-12-14,2024,2024-12,2025-02-09,HAM-TAN-SHA,N,57,3,schedule_passed
2026-09-09_ham-sha_merged,HAM-SHA,2024-12-18|2025-02-11|HAM-TAN-SHA,2024-12-18,2024,2024-12,2025-02-11,HAM-TAN-SHA,N,55,1,schedule_passed
2026-09-09_ham-sha_merged,HAM-SHA,2024-12-27|2025-02-18|HAM-TAN-SHA,2024-12-27,2024,2024-12,2025-02-18,HAM-TAN-SHA,N,53,1,schedule_passed
2026-09-09_ham-sha_merged,HAM-SHA,2024-12-29|2025-02-27|HAM-TAN-SHA,2024-12-29,2024,2024-12,2025-02-27,HAM-TAN-SHA,N,60,1,schedule_passed
2026-09-09_ham-sha_merged,HAM-SHA,2024-12-31|2025-02-18|HAM-TAN-SHA,2024-12-31,2024,2024-12,2025-02-18,HAM-TAN-SHA,N,49,1,schedule_passed
2026-09-09_ham-sha_merged,HAM-SHA,2025-01-04|2025-03-03|HAM-TAN-SHA,2025-01-04,2025,2025-01,2025-03-03,HAM-TAN-SHA,N,58,5,schedule_passed
2026-09-09_ham-sha_merged,HAM-SHA,2025-01-19|2025-03-13|HAM-TAN-SHA,2025-01-19,2025,2025-01,2025-03-13,HAM-TAN-SHA,N,53,2,schedule_passed
2026-09-09_ham-sha_merged,HAM-SHA,2025-01-23|2025-03-26|HAM-TAN-SHA,2025-01-23,2025,2025-01,2025-03-26,HAM-TAN-SHA,N,62,3,schedule_passed
2026-09-09_ham-sha_merged,HAM-SHA,2025-02-01|2025-04-14|HAM-ANT-SIN-SHA,2025-02-01,2025,2025-02,2025-04-14,HAM-ANT-SIN-SHA,N,72,1,schedule_passed
2026-09-09_ham-sha_merged,HAM-SHA,2025-02-01|2025-04-18|HAM-ANT-SIN-SHA,2025-02-01,2025,2025-02,2025-04-18,HAM-ANT-SIN-SHA,N,76,3,schedule_passed
2026-09-09_ham-sha_merged,HAM-SHA,2025-02-06|2025-03-26|HAM-TAN-SHA,2025-02-06,2025,2025-02,2025-03-26,HAM-TAN-SHA,N,48,1,schedule_passed
2026-09-09_ham-sha_merged,HAM-SHA,2025-02-06|2025-04-07|HAM-TAN-SHA,2025-02-06,2025,2025-02,2025-04-07,HAM-TAN-SHA,N,60,2,schedule_passed
2026-09-09_ham-sha_merged,HAM-SHA,2025-02-14|2025-04-14|HAM-TAN-SHA,2025-02-14,2025,2025-02,2025-04-14,HAM-TAN-SHA,N,59,3,schedule_passed
2026-09-09_ham-sha_merged,HAM-SHA,2025-02-17|2025-04-14|HAM-TAN-SHA,2025-02-17,2025,2025-02,2025-04-14,HAM-TAN-SHA,N,56,3,schedule_passed
2026-09-09_ham-sha_merged,HAM-SHA,2025-02-24|2025-04-22|HAM-TAN-SHA,2025-02-24,2025,2025-02,2025-04-22,HAM-TAN-SHA,N,57,2,schedule_passed
2026-09-09_ham-sha_merged,HAM-SHA,2025-03-03|2025-04-26|HAM-TAN-SHA,2025-03-03,2025,2025-03,2025-04-26,HAM-TAN-SHA,N,54,3,schedule_passed
2026-09-09_ham-sha_merged,HAM-SHA,2025-03-04|2025-04-26|HAM-TAN-SHA,2025-03-04,2025,2025-03,2025-04-26,HAM-TAN-SHA,N,53,1,schedule_passed
2026-09-09_ham-sha_merged,HAM-SHA,2025-03-08|2025-05-01|HAM-TAN-SHA,2025-03-08,2025,2025-03,2025-05-01,HAM-TAN-SHA,N,54,3,schedule_passed
2026-09-09_ham-sha_merged,HAM-SHA,2025-03-17|2025-05-10|HAM-TAN-SHA,2025-03-17,2025,2025-03,2025-05-10,HAM-TAN-SHA,N,54,3,schedule_passed
2026-09-09_ham-sha_merged,HAM-SHA,2025-03-17|2025-05-28|HAM-TAN-SHA,2025-03-17,2025,2025-03,2025-05-28,HAM-TAN-SHA,N,72,1,schedule_passed
2026-09-09_ham-sha_merged,HAM-SHA,2025-03-31|2025-05-20|HAM-SIN-SHA,2025-03-31,2025,2025-03,2025-05-20,HAM-SIN-SHA,N,50,2,schedule_passed
2026-09-09_ham-sha_merged,HAM-SHA,2025-03-31|2025-05-24|HAM-NGB-SHA,2025-03-31,2025,2025-03,2025-05-24,HAM-NGB-SHA,N,54,1,schedule_passed
2026-09-09_ham-sha_merged,HAM-SHA,2025-03-31|2025-06-22|HAM-SIN-SHA,2025-03-31,2025,2025-03,2025-06-22,HAM-SIN-SHA,N,83,1,schedule_passed
2026-09-09_ham-sha_merged,HAM-SHA,2025-04-06|2025-05-21|HAM-SHA,2025-04-06,2025,2025-04,2025-05-21,HAM-SHA,Y,45,3,schedule_passed
2026-09-09_ham-sha_merged,HAM-SHA,2025-04-19|2025-05-28|HAM-SHA,2025-04-19,2025,2025-04,2025-05-28,HAM-SHA,Y,39,2,schedule_passed
2026-09-09_ham-sha_merged,HAM-SHA,2025-04-19|2025-06-06|HAM-SHA,2025-04-19,2025,2025-04,2025-06-06,HAM-SHA,Y,48,5,schedule_passed
2026-09-09_ham-sha_merged,HAM-SHA,2025-04-25|2025-06-23|HAM-TPP-SHA,2025-04-25,2025,2025-04,2025-06-23,HAM-TPP-SHA,N,59,1,schedule_passed
2026-09-09_ham-sha_merged,HAM-SHA,2025-05-04|2025-06-19|HAM-SHA,2025-05-04,2025,2025-05,2025-06-19,HAM-SHA,Y,46,6,schedule_passed
2026-09-09_ham-sha_merged,HAM-SHA,2025-05-12|2025-07-04|HAM-SHA,2025-05-12,2025,2025-05,2025-07-04,HAM-SHA,Y,53,2,schedule_passed
2026-09-09_ham-sha_merged,HAM-SHA,2025-05-12|2025-07-05|HAM-SHA,2025-05-12,2025,2025-05,2025-07-05,HAM-SHA,Y,54,2,schedule_passed
2026-09-09_ham-sha_merged,HAM-SHA,2025-05-12|2025-07-06|HAM-SHA,2025-05-12,2025,2025-05,2025-07-06,HAM-SHA,Y,55,1,schedule_passed
2026-09-09_ham-sha_merged,HAM-SHA,2025-05-23|2025-07-12|HAM-TPP-SHA,2025-05-23,2025,2025-05,2025-07-12,HAM-TPP-SHA,N,50,3,schedule_passed
2026-09-09_ham-sha_merged,HAM-SHA,2025-06-01|2025-07-17|HAM-SHA,2025-06-01,2025,2025-06,2025-07-17,HAM-SHA,Y,46,2,schedule_passed
2026-09-09_ham-sha_merged,HAM-SHA,2025-06-07|2025-07-24|HAM-SHA,2025-06-07,2025,2025-06,2025-07-24,HAM-SHA,Y,47,2,schedule_passed
2026-09-09_ham-sha_merged,HAM-SHA,2025-06-16|2025-08-02|HAM-SHA,2025-06-16,2025,2025-06,2025-08-02,HAM-SHA,Y,47,4,schedule_passed
2026-09-09_ham-sha_merged,HAM-SHA,2025-06-22|2025-08-10|HAM-SHA,2025-06-22,2025,2025-06,2025-08-10,HAM-SHA,Y,49,3,schedule_passed
2026-09-09_ham-sha_merged,HAM-SHA,2025-06-29|2025-08-15|HAM-SHA,2025-06-29,2025,2025-06,2025-08-15,HAM-SHA,Y,47,4,schedule_passed
2026-09-09_ham-sha_merged,HAM-SHA,2025-07-06|2025-08-31|HAM-NGB-SHA,2025-07-06,2025,2025-07,2025-08-31,HAM-NGB-SHA,N,56,1,schedule_passed
2026-09-09_ham-sha_merged,HAM-SHA,2025-07-06|2025-09-07|HAM-SIN-SHA,2025-07-06,2025,2025-07,2025-09-07,HAM-SIN-SHA,N,63,2,schedule_passed
2026-09-09_ham-sha_merged,HAM-SHA,2025-07-13|2025-08-30|HAM-SHA,2025-07-13,2025,2025-07,2025-08-30,HAM-SHA,Y,48,1,schedule_passed
2026-09-09_ham-sha_merged,HAM-SHA,2025-07-13|2025-08-31|HAM-SHA,2025-07-13,2025,2025-07,2025-08-31,HAM-SHA,Y,49,1,schedule_passed
2026-09-09_ham-sha_merged,HAM-SHA,2025-07-20|2025-09-06|HAM-SHA,2025-07-20,2025,2025-07,2025-09-06,HAM-SHA,Y,48,1,schedule_passed
2026-09-09_ham-sha_merged,HAM-SHA,2025-07-20|2025-09-07|HAM-SHA,2025-07-20,2025,2025-07,2025-09-07,HAM-SHA,Y,49,1,schedule_passed
2026-09-09_ham-sha_merged,HAM-SHA,2025-07-28|2025-09-11|HAM-SHA,2025-07-28,2025,2025-07,2025-09-11,HAM-SHA,Y,45,3,schedule_passed
2026-09-09_ham-sha_merged,HAM-SHA,2025-08-04|2025-09-19|HAM-SHA,2025-08-04,2025,2025-08,2025-09-19,HAM-SHA,Y,46,1,schedule_passed
2026-09-09_ham-sha_merged,HAM-SHA,2025-08-09|2025-09-29|HAM-TPP-SHA,2025-08-09,2025,2025-08,2025-09-29,HAM-TPP-SHA,N,51,2,schedule_passed
2026-09-09_ham-sha_merged,HAM-SHA,2025-08-11|2025-09-26|HAM-SHA,2025-08-11,2025,2025-08,2025-09-26,HAM-SHA,Y,46,2,schedule_passed
2026-09-09_ham-sha_merged,HAM-SHA,2025-08-13|2025-10-03|HAM-TAN-SHA,2025-08-13,2025,2025-08,2025-10-03,HAM-TAN-SHA,N,51,1,schedule_passed
2026-09-09_ham-sha_merged,HAM-SHA,2025-08-18|2025-10-03|HAM-SHA,2025-08-18,2025,2025-08,2025-10-03,HAM-SHA,Y,46,2,schedule_passed
2026-09-09_ham-sha_merged,HAM-SHA,2025-08-21|2025-10-05|HAM-TPP-SHA,2025-08-21,2025,2025-08,2025-10-05,HAM-TPP-SHA,N,45,1,schedule_passed
2026-09-09_ham-sha_merged,HAM-SHA,2025-08-21|2025-10-16|HAM-TAN-SHA,2025-08-21,2025,2025-08,2025-10-16,HAM-TAN-SHA,N,56,1,schedule_passed
2026-09-09_ham-sha_merged,HAM-SHA,2025-08-21|2025-10-17|HAM-TPP-SHA,2025-08-21,2025,2025-08,2025-10-17,HAM-TPP-SHA,N,57,2,schedule_passed
2026-09-09_ham-sha_merged,HAM-SHA,2025-08-24|2025-10-16|HAM-SHA,2025-08-24,2025,2025-08,2025-10-16,HAM-SHA,Y,53,6,schedule_passed
2026-09-09_ham-sha_merged,HAM-SHA,2025-08-29|2025-11-02|HAM-TPP-SHA,2025-08-29,2025,2025-08,2025-11-02,HAM-TPP-SHA,N,65,1,schedule_passed
2026-09-09_ham-sha_merged,HAM-SHA,2025-08-31|2025-10-25|HAM-SHA,2025-08-31,2025,2025-08,2025-10-25,HAM-SHA,Y,55,3,schedule_passed
2026-09-09_ham-sha_merged,HAM-SHA,2025-09-06|2025-10-30|HAM-SHA,2025-09-06,2025,2025-09,2025-10-30,HAM-SHA,Y,54,3,schedule_passed
2026-09-09_ham-sha_merged,HAM-SHA,2025-09-08|2025-10-30|HAM-SHA,2025-09-08,2025,2025-09,2025-10-30,HAM-SHA,Y,52,1,schedule_passed
2026-09-09_ham-sha_merged,HAM-SHA,2025-09-09|2025-10-30|HAM-SHA,2025-09-09,2025,2025-09,2025-10-30,HAM-SHA,Y,51,1,schedule_passed
2026-09-09_ham-sha_merged,HAM-SHA,2025-09-14|2025-11-07|HAM-SHA,2025-09-14,2025,2025-09,2025-11-07,HAM-SHA,Y,54,3,schedule_passed
2026-09-09_ham-sha_merged,HAM-SHA,2025-09-26|2025-11-13|HAM-SHA,2025-09-26,2025,2025-09,2025-11-13,HAM-SHA,Y,48,1,schedule_passed
2026-09-09_ham-sha_merged,HAM-SHA,2025-09-26|2025-11-15|HAM-SHA,2025-09-26,2025,2025-09,2025-11-15,HAM-SHA,Y,50,2,schedule_passed
2026-09-09_ham-sha_merged,HAM-SHA,2025-09-26|2025-11-19|HAM-FEB-SHA,2025-09-26,2025,2025-09,2025-11-19,HAM-FEB-SHA,N,54,1,schedule_passed
2026-09-09_ham-sha_merged,HAM-SHA,2025-09-30|2025-11-21|HAM-SHA,2025-09-30,2025,2025-09,2025-11-21,HAM-SHA,Y,52,3,schedule_passed
2026-09-09_ham-sha_merged,HAM-SHA,2025-10-10|2025-11-28|HAM-SHA,2025-10-10,2025,2025-10,2025-11-28,HAM-SHA,Y,49,3,schedule_passed
2026-09-09_ham-sha_merged,HAM-SHA,2025-10-17|2025-12-04|HAM-SHA,2025-10-17,2025,2025-10,2025-12-04,HAM-SHA,Y,48,1,schedule_passed
2026-09-09_ham-sha_merged,HAM-SHA,2025-10-17|2025-12-05|HAM-TPP-SHA,2025-10-17,2025,2025-10,2025-12-05,HAM-TPP-SHA,N,49,1,schedule_passed
2026-09-09_ham-sha_merged,HAM-SHA,2025-10-20|2025-12-07|HAM-SIN-SHA,2025-10-20,2025,2025-10,2025-12-07,HAM-SIN-SHA,N,48,2,schedule_passed
2026-09-09_ham-sha_merged,HAM-SHA,2025-10-27|2025-12-11|HAM-SHA,2025-10-27,2025,2025-10,2025-12-11,HAM-SHA,Y,45,3,schedule_passed
2026-09-09_ham-sha_merged,HAM-SHA,2025-10-27|2025-12-12|HAM-SHA,2025-10-27,2025,2025-10,2025-12-12,HAM-SHA,Y,46,1,schedule_passed
2026-09-09_ham-sha_merged,HAM-SHA,2025-11-03|2025-12-18|HAM-SHA,2025-11-03,2025,2025-11,2025-12-18,HAM-SHA,Y,45,4,schedule_passed
2026-09-09_ham-sha_merged,HAM-SHA,2025-11-09|2025-12-26|HAM-SHA,2025-11-09,2025,2025-11,2025-12-26,HAM-SHA,Y,47,3,schedule_passed
2026-09-09_ham-sha_merged,HAM-SHA,2025-11-18|2026-01-01|HAM-SHA,2025-11-18,2025,2025-11,2026-01-01,HAM-SHA,Y,44,3,schedule_passed
2026-09-09_ham-sha_merged,HAM-SHA,2025-11-23|2026-01-09|,2025-11-23,2025,2025-11,2026-01-09,,U,47,3,schedule_passed
2026-09-09_ham-sha_merged,HAM-SHA,2025-11-30|2026-01-16|,2025-11-30,2025,2025-11,2026-01-16,,U,47,2,schedule_passed
2026-09-09_ham-sha_merged,HAM-SHA,2025-12-08|2026-01-24|,2025-12-08,2025,2025-12,2026-01-24,,U,47,3,schedule_passed
2026-09-09_ham-sha_merged,HAM-SHA,2025-12-08|2026-01-24|HAM-SHA,2025-12-08,2025,2025-12,2026-01-24,HAM-SHA,Y,47,3,schedule_passed
2026-09-09_ham-sha_merged,HAM-SHA,2025-12-14|2026-01-30|,2025-12-14,2025,2025-12,2026-01-30,,U,47,2,schedule_passed
2026-09-09_ham-sha_merged,HAM-SHA,2025-12-21|2026-02-08|,2025-12-21,2025,2025-12,2026-02-08,,U,49,3,schedule_passed
2026-09-09_ham-sha_merged,HAM-SHA,2025-12-23|2026-02-16|HAM-SLL-SHA,2025-12-23,2025,2025-12,2026-02-16,HAM-SLL-SHA,N,55,1,schedule_passed
2026-09-09_ham-sha_merged,HAM-SHA,2025-12-29|2026-02-12|,2025-12-29,2025,2025-12,2026-02-12,,U,45,3,schedule_passed
2026-09-09_ham-sha_merged,HAM-SHA,2026-01-08|2026-02-18|,2026-01-08,2026,2026-01,2026-02-18,,U,41,2,schedule_passed
2026-09-09_ham-sha_merged,HAM-SHA,2026-01-16|2026-03-21|,2026-01-16,2026,2026-01,2026-03-21,,U,64,1,schedule_passed
2026-09-09_ham-sha_merged,HAM-SHA,2026-01-19|2026-03-23|,2026-01-19,2026,2026-01,2026-03-23,,U,63,2,schedule_passed
2026-09-09_ham-sha_merged,HAM-SHA,2026-01-28|2026-03-17|,2026-01-28,2026,2026-01,2026-03-17,,U,48,5,schedule_passed
2026-09-09_ham-sha_merged,HAM-SHA,2026-02-04|2026-03-25|,2026-02-04,2026,2026-02,2026-03-25,,U,49,4,schedule_passed
2026-09-09_ham-sha_merged,HAM-SHA,2026-02-04|2026-04-21|,2026-02-04,2026,2026-02,2026-04-21,,U,76,1,schedule_passed
2026-09-09_ham-sha_merged,HAM-SHA,2026-02-11|2026-03-31|,2026-02-11,2026,2026-02,2026-03-31,,U,48,3,schedule_passed
2026-09-09_ham-sha_merged,HAM-SHA,2026-02-16|2026-04-09|,2026-02-16,2026,2026-02,2026-04-09,,U,52,1,schedule_passed
2026-09-09_ham-sha_merged,HAM-SHA,2026-02-22|2026-04-15|,2026-02-22,2026,2026-02,2026-04-15,,U,52,3,schedule_passed
2026-09-09_ham-sha_merged,HAM-SHA,2026-03-04|2026-04-09|,2026-03-04,2026,2026-03,2026-04-09,,U,36,1,schedule_passed
2026-09-09_ham-sha_merged,HAM-SHA,2026-03-04|2026-04-21|,2026-03-04,2026,2026-03,2026-04-21,,U,48,4,schedule_passed
2026-09-09_ham-sha_merged,HAM-SHA,2026-03-09|2026-04-28|,2026-03-09,2026,2026-03,2026-04-28,,U,50,2,schedule_passed
2026-09-09_ham-sha_merged,HAM-SHA,2026-03-17|2026-05-07|,2026-03-17,2026,2026-03,2026-05-07,,U,51,4,schedule_passed
2026-09-09_ham-sha_merged,HAM-SHA,2026-03-23|2026-05-11|,2026-03-23,2026,2026-03,2026-05-11,,U,49,3,schedule_passed
2026-09-09_ham-sha_merged,HAM-SHA,2026-03-29|2026-05-17|,2026-03-29,2026,2026-03,2026-05-17,,U,49,2,schedule_passed
2026-09-09_ham-sha_merged,HAM-SHA,2026-04-04|2026-05-22|,2026-04-04,2026,2026-04,2026-05-22,,U,48,3,schedule_passed
2026-09-09_ham-sha_merged,HAM-SHA,2026-04-13|2026-06-03|,2026-04-13,2026,2026-04,2026-06-03,,U,51,3,schedule_passed
2026-09-09_ham-sha_merged,HAM-SHA,2026-04-21|2026-06-12|,2026-04-21,2026,2026-04,2026-06-12,,U,52,2,schedule_passed
2026-09-09_ham-sha_merged,HAM-SHA,2026-04-25|2026-06-22|,2026-04-25,2026,2026-04,2026-06-22,,U,58,1,schedule_passed
2026-09-09_ham-sha_merged,HAM-SHA,2026-04-27|2026-06-21|,2026-04-27,2026,2026-04,2026-06-21,,U,55,2,schedule_passed
2026-09-09_ham-sha_merged,HAM-SHA,2026-05-04|2026-06-26|,2026-05-04,2026,2026-05,2026-06-26,,U,53,2,schedule_passed
2026-09-09_ham-sha_merged,HAM-SHA,2026-05-11|2026-07-04|,2026-05-11,2026,2026-05,2026-07-04,,U,54,3,schedule_passed
2026-09-09_ham-sha_merged,HAM-SHA,2026-05-18|2026-07-15|,2026-05-18,2026,2026-05,2026-07-15,,U,58,3,schedule_passed
2026-09-09_ham-sha_merged,HAM-SHA,2026-05-26|2026-07-20|,2026-05-26,2026,2026-05,2026-07-20,,U,55,1,schedule_passed
2026-09-09_ham-sha_merged,HAM-SHA,2026-06-01|2026-07-28|,2026-06-01,2026,2026-06,2026-07-28,,U,57,3,schedule_passed
2026-09-09_ham-sha_merged,HAM-SHA,2026-06-07|2026-08-05|,2026-06-07,2026,2026-06,2026-08-05,,U,59,1,schedule_passed
2026-09-09_ham-sha_merged,HAM-SHA,2026-06-07|2026-08-15|,2026-06-07,2026,2026-06,2026-08-15,,U,69,1,schedule_passed
2026-09-09_ham-sha_merged,HAM-SHA,2026-06-09|2026-08-19|,2026-06-09,2026,2026-06,2026-08-19,,U,71,1,schedule_passed
2026-09-09_ham-sha_merged,HAM-SHA,2026-06-14|2026-08-15|,2026-06-14,2026,2026-06,2026-08-15,,U,62,1,schedule_passed
2026-09-09_ham-sha_merged,HAM-SHA,2026-06-14|2026-08-18|,2026-06-14,2026,2026-06,2026-08-18,,U,65,3,schedule_passed
2026-09-09_ham-sha_merged,HAM-SHA,2026-06-22|2026-08-31|,2026-06-22,2026,2026-06,2026-08-31,,U,70,2,schedule_passed
2026-09-09_ham-sha_merged,HAM-SHA,2026-07-04|2026-09-10|,2026-07-04,2026,2026-07,2026-09-10,,U,68,2,eta
2026-09-09_ham-sha_merged,HAM-SHA,2026-07-04|2026-09-13|,2026-07-04,2026,2026-07,2026-09-13,,U,71,3,eta
2026-09-09_ham-sha_merged,HAM-SHA,2026-07-08|2026-09-10|,2026-07-08,2026,2026-07,2026-09-10,,U,64,1,eta
2026-09-09_ham-sha_merged,HAM-SHA,2026-07-11|2026-09-11|,2026-07-11,2026,2026-07,2026-09-11,,U,62,2,eta
2026-09-09_ham-sha_merged,HAM-SHA,2026-07-16|2026-09-14|,2026-07-16,2026,2026-07,2026-09-14,,U,60,1,eta
2026-09-09_ham-sha_merged,HAM-SHA,2026-07-24|2026-09-16|,2026-07-24,2026,2026-07,2026-09-16,,U,54,2,eta
2026-09-09_ham-sha_merged,HAM-SHA,2026-07-31|2026-09-17|,2026-07-31,2026,2026-07,2026-09-17,,U,48,4,eta
2026-09-09_ham-sha_merged,HAM-SHA,2026-08-01|2026-09-27|,2026-08-01,2026,2026-08,2026-09-27,,U,57,1,eta
2026-09-09_ham-sha_merged,HAM-SHA,2026-08-07|2026-09-24|,2026-08-07,2026,2026-08,2026-09-24,,U,48,2,eta
