snapshot_id,as_of_date,lane_id,origin,destination,direction,mode,incoterms,metric,bl_no,route,direct,atd,atd_year,atd_month,schedule_date,days,status,source
2026-09-09_ham-sha_merged,2026-09-07,HAM-SHA,HAM,SHA,import,ocean,CIF,latest_vessel_schedule_minus_atd,221536207,,U,2022-10-25,2022,2022-10,2022-12-01,37,schedule_passed,2023
2026-09-09_ham-sha_merged,2026-09-07,HAM-SHA,HAM,SHA,import,ocean,CIF,latest_vessel_schedule_minus_atd,221536296,,U,2022-10-25,2022,2022-10,2022-12-01,37,schedule_passed,2023
2026-09-09_ham-sha_merged,2026-09-07,HAM-SHA,HAM,SHA,import,ocean,CIF,latest_vessel_schedule_minus_atd,221535940,,U,2022-10-29,2022,2022-10,2022-12-01,33,schedule_passed,2023
2026-09-09_ham-sha_merged,2026-09-07,HAM-SHA,HAM,SHA,import,ocean,CIF,latest_vessel_schedule_minus_atd,221943342,,U,2022-11-01,2022,2022-11,2022-12-07,36,schedule_passed,2023
2026-09-09_ham-sha_merged,2026-09-07,HAM-SHA,HAM,SHA,import,ocean,CIF,latest_vessel_schedule_minus_atd,221947173,,U,2022-11-01,2022,2022-11,2022-12-07,36,schedule_passed,2023
2026-09-09_ham-sha_merged,2026-09-07,HAM-SHA,HAM,SHA,import,ocean,CIF,latest_vessel_schedule_minus_atd,221944256,,U,2022-11-08,2022,2022-11,2022-12-15,37,schedule_passed,2023
2026-09-09_ham-sha_merged,2026-09-07,HAM-SHA,HAM,SHA,import,ocean,CIF,latest_vessel_schedule_minus_atd,221947174,,U,2022-11-08,2022,2022-11,2022-12-15,37,schedule_passed,2023
2026-09-09_ham-sha_merged,2026-09-07,HAM-SHA,HAM,SHA,import,ocean,CIF,latest_vessel_schedule_minus_atd,221939216,,U,2022-11-10,2022,2022-11,2022-12-21,41,schedule_passed,2023
2026-09-09_ham-sha_merged,2026-09-07,HAM-SHA,HAM,SHA,import,ocean,CIF,latest_vessel_schedule_minus_atd,221944261,,U,2022-11-17,2022,2022-11,2023-01-02,46,schedule_passed,2023
2026-09-09_ham-sha_merged,2026-09-07,HAM-SHA,HAM,SHA,import,ocean,CIF,latest_vessel_schedule_minus_atd,221947176,,U,2022-11-17,2022,2022-11,2023-01-02,46,schedule_passed,2023
2026-09-09_ham-sha_merged,2026-09-07,HAM-SHA,HAM,SHA,import,ocean,CIF,latest_vessel_schedule_minus_atd,221947175,,U,2022-11-23,2022,2022-11,2023-01-04,42,schedule_passed,2023
2026-09-09_ham-sha_merged,2026-09-07,HAM-SHA,HAM,SHA,import,ocean,CIF,latest_vessel_schedule_minus_atd,221939966,,U,2022-12-02,2022,2022-12,2023-01-07,36,schedule_passed,2023
2026-09-09_ham-sha_merged,2026-09-07,HAM-SHA,HAM,SHA,import,ocean,CIF,latest_vessel_schedule_minus_atd,221944266,,U,2022-12-05,2022,2022-12,2023-01-22,48,schedule_passed,2023
2026-09-09_ham-sha_merged,2026-09-07,HAM-SHA,HAM,SHA,import,ocean,CIF,latest_vessel_schedule_minus_atd,221947177,,U,2022-12-05,2022,2022-12,2023-01-22,48,schedule_passed,2023
2026-09-09_ham-sha_merged,2026-09-07,HAM-SHA,HAM,SHA,import,ocean,CIF,latest_vessel_schedule_minus_atd,221944271,,U,2022-12-06,2022,2022-12,2023-01-12,37,schedule_passed,2023
2026-09-09_ham-sha_merged,2026-09-07,HAM-SHA,HAM,SHA,import,ocean,CIF,latest_vessel_schedule_minus_atd,221947183,,U,2022-12-06,2022,2022-12,2023-01-12,37,schedule_passed,2023
2026-09-09_ham-sha_merged,2026-09-07,HAM-SHA,HAM,SHA,import,ocean,CIF,latest_vessel_schedule_minus_atd,223157668,,U,2022-12-10,2022,2022-12,2023-01-13,34,schedule_passed,2023
2026-09-09_ham-sha_merged,2026-09-07,HAM-SHA,HAM,SHA,import,ocean,CIF,latest_vessel_schedule_minus_atd,223158512,,U,2022-12-13,2022,2022-12,2023-01-22,40,schedule_passed,2023
2026-09-09_ham-sha_merged,2026-09-07,HAM-SHA,HAM,SHA,import,ocean,CIF,latest_vessel_schedule_minus_atd,223159155,,U,2022-12-13,2022,2022-12,2023-01-23,41,schedule_passed,2023
2026-09-09_ham-sha_merged,2026-09-07,HAM-SHA,HAM,SHA,import,ocean,CIF,latest_vessel_schedule_minus_atd,223157670,,U,2022-12-23,2022,2022-12,2023-01-27,35,schedule_passed,2023
2026-09-09_ham-sha_merged,2026-09-07,HAM-SHA,HAM,SHA,import,ocean,CIF,latest_vessel_schedule_minus_atd,223159162,,U,2022-12-23,2022,2022-12,2023-02-06,45,schedule_passed,2023
2026-09-09_ham-sha_merged,2026-09-07,HAM-SHA,HAM,SHA,import,ocean,CIF,latest_vessel_schedule_minus_atd,223158503,,U,2022-12-26,2022,2022-12,2023-02-06,42,schedule_passed,2023
2026-09-09_ham-sha_merged,2026-09-07,HAM-SHA,HAM,SHA,import,ocean,CIF,latest_vessel_schedule_minus_atd,223158501,,U,2022-12-28,2022,2022-12,2023-02-06,40,schedule_passed,2023
2026-09-09_ham-sha_merged,2026-09-07,HAM-SHA,HAM,SHA,import,ocean,CIF,latest_vessel_schedule_minus_atd,223160004,,U,2022-12-28,2022,2022-12,2023-02-06,40,schedule_passed,2023
2026-09-09_ham-sha_merged,2026-09-07,HAM-SHA,HAM,SHA,import,ocean,CIF,latest_vessel_schedule_minus_atd,223160013,,U,2023-01-02,2023,2023-01,2023-03-05,62,schedule_passed,2023
2026-09-09_ham-sha_merged,2026-09-07,HAM-SHA,HAM,SHA,import,ocean,CIF,latest_vessel_schedule_minus_atd,223477939,,U,2023-01-09,2023,2023-01,2023-02-11,33,schedule_passed,2023
2026-09-09_ham-sha_merged,2026-09-07,HAM-SHA,HAM,SHA,import,ocean,CIF,latest_vessel_schedule_minus_atd,223481751,,U,2023-01-09,2023,2023-01,2023-03-01,51,schedule_passed,2023
2026-09-09_ham-sha_merged,2026-09-07,HAM-SHA,HAM,SHA,import,ocean,CIF,latest_vessel_schedule_minus_atd,224169409,,U,2023-01-09,2023,2023-01,2023-03-01,51,schedule_passed,2023
2026-09-09_ham-sha_merged,2026-09-07,HAM-SHA,HAM,SHA,import,ocean,CIF,latest_vessel_schedule_minus_atd,223159144,,U,2023-01-10,2023,2023-01,2023-03-01,50,schedule_passed,2023
2026-09-09_ham-sha_merged,2026-09-07,HAM-SHA,HAM,SHA,import,ocean,CIF,latest_vessel_schedule_minus_atd,223480629,,U,2023-01-21,2023,2023-01,2023-03-11,49,schedule_passed,2023
2026-09-09_ham-sha_merged,2026-09-07,HAM-SHA,HAM,SHA,import,ocean,CIF,latest_vessel_schedule_minus_atd,223481752,,U,2023-01-21,2023,2023-01,2023-03-11,49,schedule_passed,2023
2026-09-09_ham-sha_merged,2026-09-07,HAM-SHA,HAM,SHA,import,ocean,CIF,latest_vessel_schedule_minus_atd,224305959,,U,2023-01-21,2023,2023-01,2023-03-11,49,schedule_passed,2023
2026-09-09_ham-sha_merged,2026-09-07,HAM-SHA,HAM,SHA,import,ocean,CIF,latest_vessel_schedule_minus_atd,224306375,,U,2023-01-21,2023,2023-01,2023-03-11,49,schedule_passed,2023
2026-09-09_ham-sha_merged,2026-09-07,HAM-SHA,HAM,SHA,import,ocean,CIF,latest_vessel_schedule_minus_atd,223481218,,U,2023-01-27,2023,2023-01,2023-03-22,54,schedule_passed,2023
2026-09-09_ham-sha_merged,2026-09-07,HAM-SHA,HAM,SHA,import,ocean,CIF,latest_vessel_schedule_minus_atd,223481750,,U,2023-01-27,2023,2023-01,2023-03-22,54,schedule_passed,2023
2026-09-09_ham-sha_merged,2026-09-07,HAM-SHA,HAM,SHA,import,ocean,CIF,latest_vessel_schedule_minus_atd,223478606,,U,2023-01-29,2023,2023-01,2023-03-02,32,schedule_passed,2023
2026-09-09_ham-sha_merged,2026-09-07,HAM-SHA,HAM,SHA,import,ocean,CIF,latest_vessel_schedule_minus_atd,223481221,,U,2023-02-04,2023,2023-02,2023-04-08,63,schedule_passed,2023
2026-09-09_ham-sha_merged,2026-09-07,HAM-SHA,HAM,SHA,import,ocean,CIF,latest_vessel_schedule_minus_atd,223481756,,U,2023-02-04,2023,2023-02,2023-04-26,81,schedule_passed,2023
2026-09-09_ham-sha_merged,2026-09-07,HAM-SHA,HAM,SHA,import,ocean,CIF,latest_vessel_schedule_minus_atd,223482172,,U,2023-02-13,2023,2023-02,2023-04-09,55,schedule_passed,2023
2026-09-09_ham-sha_merged,2026-09-07,HAM-SHA,HAM,SHA,import,ocean,CIF,latest_vessel_schedule_minus_atd,224551702,,U,2023-02-19,2023,2023-02,2023-03-23,32,schedule_passed,2023
2026-09-09_ham-sha_merged,2026-09-07,HAM-SHA,HAM,SHA,import,ocean,CIF,latest_vessel_schedule_minus_atd,224553185,,U,2023-02-22,2023,2023-02,2023-04-13,50,schedule_passed,2023
2026-09-09_ham-sha_merged,2026-09-07,HAM-SHA,HAM,SHA,import,ocean,CIF,latest_vessel_schedule_minus_atd,224553192,,U,2023-02-22,2023,2023-02,2023-04-13,50,schedule_passed,2023
2026-09-09_ham-sha_merged,2026-09-07,HAM-SHA,HAM,SHA,import,ocean,CIF,latest_vessel_schedule_minus_atd,224553184,,U,2023-03-02,2023,2023-03,2023-04-18,47,schedule_passed,2023
2026-09-09_ham-sha_merged,2026-09-07,HAM-SHA,HAM,SHA,import,ocean,CIF,latest_vessel_schedule_minus_atd,224553604,,U,2023-03-02,2023,2023-03,2023-04-18,47,schedule_passed,2023
2026-09-09_ham-sha_merged,2026-09-07,HAM-SHA,HAM,SHA,import,ocean,CIF,latest_vessel_schedule_minus_atd,224552264,,U,2023-03-05,2023,2023-03,2023-04-07,33,schedule_passed,2023
2026-09-09_ham-sha_merged,2026-09-07,HAM-SHA,HAM,SHA,import,ocean,CIF,latest_vessel_schedule_minus_atd,224553188,,U,2023-03-11,2023,2023-03,2023-04-25,45,schedule_passed,2023
2026-09-09_ham-sha_merged,2026-09-07,HAM-SHA,HAM,SHA,import,ocean,CIF,latest_vessel_schedule_minus_atd,224553605,,U,2023-03-11,2023,2023-03,2023-04-25,45,schedule_passed,2023
2026-09-09_ham-sha_merged,2026-09-07,HAM-SHA,HAM,SHA,import,ocean,CIF,latest_vessel_schedule_minus_atd,224553606,,U,2023-03-11,2023,2023-03,2023-04-25,45,schedule_passed,2023
2026-09-09_ham-sha_merged,2026-09-07,HAM-SHA,HAM,SHA,import,ocean,CIF,latest_vessel_schedule_minus_atd,225091889,,U,2023-03-15,2023,2023-03,2023-05-12,58,schedule_passed,2023
2026-09-09_ham-sha_merged,2026-09-07,HAM-SHA,HAM,SHA,import,ocean,CIF,latest_vessel_schedule_minus_atd,225094267,,U,2023-03-15,2023,2023-03,2023-05-12,58,schedule_passed,2023
2026-09-09_ham-sha_merged,2026-09-07,HAM-SHA,HAM,SHA,import,ocean,CIF,latest_vessel_schedule_minus_atd,225094275,,U,2023-03-15,2023,2023-03,2023-05-19,65,schedule_passed,2023
2026-09-09_ham-sha_merged,2026-09-07,HAM-SHA,HAM,SHA,import,ocean,CIF,latest_vessel_schedule_minus_atd,225090996,,U,2023-03-24,2023,2023-03,2023-04-29,36,schedule_passed,2023
2026-09-09_ham-sha_merged,2026-09-07,HAM-SHA,HAM,SHA,import,ocean,CIF,latest_vessel_schedule_minus_atd,225093432,,U,2023-03-30,2023,2023-03,2023-05-16,47,schedule_passed,2023
2026-09-09_ham-sha_merged,2026-09-07,HAM-SHA,HAM,SHA,import,ocean,CIF,latest_vessel_schedule_minus_atd,225094266,,U,2023-03-30,2023,2023-03,2023-05-16,47,schedule_passed,2023
2026-09-09_ham-sha_merged,2026-09-07,HAM-SHA,HAM,SHA,import,ocean,CIF,latest_vessel_schedule_minus_atd,225094271,,U,2023-04-06,2023,2023-04,2023-05-23,47,schedule_passed,2023
2026-09-09_ham-sha_merged,2026-09-07,HAM-SHA,HAM,SHA,import,ocean,CIF,latest_vessel_schedule_minus_atd,225095135,,U,2023-04-06,2023,2023-04,2023-05-23,47,schedule_passed,2023
2026-09-09_ham-sha_merged,2026-09-07,HAM-SHA,HAM,SHA,import,ocean,CIF,latest_vessel_schedule_minus_atd,226127016,,U,2023-04-06,2023,2023-04,2023-05-23,47,schedule_passed,2023
2026-09-09_ham-sha_merged,2026-09-07,HAM-SHA,HAM,SHA,import,ocean,CIF,latest_vessel_schedule_minus_atd,225091887,,U,2023-04-08,2023,2023-04,2023-05-11,33,schedule_passed,2023
2026-09-09_ham-sha_merged,2026-09-07,HAM-SHA,HAM,SHA,import,ocean,CIF,latest_vessel_schedule_minus_atd,226125930,,U,2023-04-21,2023,2023-04,2023-06-07,47,schedule_passed,2023
2026-09-09_ham-sha_merged,2026-09-07,HAM-SHA,HAM,SHA,import,ocean,CIF,latest_vessel_schedule_minus_atd,226126441,,U,2023-04-21,2023,2023-04,2023-06-07,47,schedule_passed,2023
2026-09-09_ham-sha_merged,2026-09-07,HAM-SHA,HAM,SHA,import,ocean,CIF,latest_vessel_schedule_minus_atd,226126444,,U,2023-04-21,2023,2023-04,2023-06-07,47,schedule_passed,2023
2026-09-09_ham-sha_merged,2026-09-07,HAM-SHA,HAM,SHA,import,ocean,CIF,latest_vessel_schedule_minus_atd,226126438,,U,2023-04-28,2023,2023-04,2023-06-21,54,schedule_passed,2023
2026-09-09_ham-sha_merged,2026-09-07,HAM-SHA,HAM,SHA,import,ocean,CIF,latest_vessel_schedule_minus_atd,226126443,,U,2023-04-28,2023,2023-04,2023-06-21,54,schedule_passed,2023
2026-09-09_ham-sha_merged,2026-09-07,HAM-SHA,HAM,SHA,import,ocean,CIF,latest_vessel_schedule_minus_atd,226126440,,U,2023-05-06,2023,2023-05,2023-07-19,74,schedule_passed,2023
2026-09-09_ham-sha_merged,2026-09-07,HAM-SHA,HAM,SHA,import,ocean,CIF,latest_vessel_schedule_minus_atd,226126442,,U,2023-05-06,2023,2023-05,2023-07-19,74,schedule_passed,2023
2026-09-09_ham-sha_merged,2026-09-07,HAM-SHA,HAM,SHA,import,ocean,CIF,latest_vessel_schedule_minus_atd,226127015,,U,2023-05-06,2023,2023-05,2023-07-05,60,schedule_passed,2023
2026-09-09_ham-sha_merged,2026-09-07,HAM-SHA,HAM,SHA,import,ocean,CIF,latest_vessel_schedule_minus_atd,226846374,,U,2023-05-12,2023,2023-05,2023-06-28,47,schedule_passed,2023
2026-09-09_ham-sha_merged,2026-09-07,HAM-SHA,HAM,SHA,import,ocean,CIF,latest_vessel_schedule_minus_atd,227441436,,U,2023-05-12,2023,2023-05,2023-06-28,47,schedule_passed,2023
2026-09-09_ham-sha_merged,2026-09-07,HAM-SHA,HAM,SHA,import,ocean,CIF,latest_vessel_schedule_minus_atd,226846376,,U,2023-05-19,2023,2023-05,2023-07-04,46,schedule_passed,2023
2026-09-09_ham-sha_merged,2026-09-07,HAM-SHA,HAM,SHA,import,ocean,CIF,latest_vessel_schedule_minus_atd,226848741,,U,2023-05-19,2023,2023-05,2023-07-04,46,schedule_passed,2023
2026-09-09_ham-sha_merged,2026-09-07,HAM-SHA,HAM,SHA,import,ocean,CIF,latest_vessel_schedule_minus_atd,226846377,,U,2023-05-26,2023,2023-05,2023-07-11,46,schedule_passed,2023
2026-09-09_ham-sha_merged,2026-09-07,HAM-SHA,HAM,SHA,import,ocean,CIF,latest_vessel_schedule_minus_atd,226849455,,U,2023-05-26,2023,2023-05,2023-07-11,46,schedule_passed,2023
2026-09-09_ham-sha_merged,2026-09-07,HAM-SHA,HAM,SHA,import,ocean,CIF,latest_vessel_schedule_minus_atd,226846384,,U,2023-06-02,2023,2023-06,2023-07-25,53,schedule_passed,2023
2026-09-09_ham-sha_merged,2026-09-07,HAM-SHA,HAM,SHA,import,ocean,CIF,latest_vessel_schedule_minus_atd,226849457,,U,2023-06-02,2023,2023-06,2023-07-25,53,schedule_passed,2023
2026-09-09_ham-sha_merged,2026-09-07,HAM-SHA,HAM,SHA,import,ocean,CIF,latest_vessel_schedule_minus_atd,227375922,,U,2023-06-09,2023,2023-06,2023-07-31,52,schedule_passed,2023
2026-09-09_ham-sha_merged,2026-09-07,HAM-SHA,HAM,SHA,import,ocean,CIF,latest_vessel_schedule_minus_atd,227376832,,U,2023-06-09,2023,2023-06,2023-07-31,52,schedule_passed,2023
2026-09-09_ham-sha_merged,2026-09-07,HAM-SHA,HAM,SHA,import,ocean,CIF,latest_vessel_schedule_minus_atd,227375923,,U,2023-06-16,2023,2023-06,2023-08-08,53,schedule_passed,2023
2026-09-09_ham-sha_merged,2026-09-07,HAM-SHA,HAM,SHA,import,ocean,CIF,latest_vessel_schedule_minus_atd,227376833,,U,2023-06-16,2023,2023-06,2023-08-08,53,schedule_passed,2023
2026-09-09_ham-sha_merged,2026-09-07,HAM-SHA,HAM,SHA,import,ocean,CIF,latest_vessel_schedule_minus_atd,227375924,,U,2023-06-22,2023,2023-06,2023-08-30,69,schedule_passed,2023
2026-09-09_ham-sha_merged,2026-09-07,HAM-SHA,HAM,SHA,import,ocean,CIF,latest_vessel_schedule_minus_atd,227376840,,U,2023-06-22,2023,2023-06,2023-08-30,69,schedule_passed,2023
2026-09-09_ham-sha_merged,2026-09-07,HAM-SHA,HAM,SHA,import,ocean,CIF,latest_vessel_schedule_minus_atd,227375934,,U,2023-06-30,2023,2023-06,2023-08-21,52,schedule_passed,2023
2026-09-09_ham-sha_merged,2026-09-07,HAM-SHA,HAM,SHA,import,ocean,CIF,latest_vessel_schedule_minus_atd,227376831,,U,2023-06-30,2023,2023-06,2023-08-21,52,schedule_passed,2023
2026-09-09_ham-sha_merged,2026-09-07,HAM-SHA,HAM,SHA,import,ocean,CIF,latest_vessel_schedule_minus_atd,228346179,,U,2023-07-07,2023,2023-07,2023-08-29,53,schedule_passed,2023
2026-09-09_ham-sha_merged,2026-09-07,HAM-SHA,HAM,SHA,import,ocean,CIF,latest_vessel_schedule_minus_atd,228346700,,U,2023-07-07,2023,2023-07,2023-08-29,53,schedule_passed,2023
2026-09-09_ham-sha_merged,2026-09-07,HAM-SHA,HAM,SHA,import,ocean,CIF,latest_vessel_schedule_minus_atd,228346185,,U,2023-07-14,2023,2023-07,2023-09-04,52,schedule_passed,2023
2026-09-09_ham-sha_merged,2026-09-07,HAM-SHA,HAM,SHA,import,ocean,CIF,latest_vessel_schedule_minus_atd,228346699,,U,2023-07-14,2023,2023-07,2023-09-04,52,schedule_passed,2023
2026-09-09_ham-sha_merged,2026-09-07,HAM-SHA,HAM,SHA,import,ocean,CIF,latest_vessel_schedule_minus_atd,228987125,,U,2023-07-14,2023,2023-07,2023-09-04,52,schedule_passed,2023
2026-09-09_ham-sha_merged,2026-09-07,HAM-SHA,HAM,SHA,import,ocean,CIF,latest_vessel_schedule_minus_atd,229226783,,U,2023-07-23,2023,2023-07,2023-09-19,58,schedule_passed,2023
2026-09-09_ham-sha_merged,2026-09-07,HAM-SHA,HAM,SHA,import,ocean,CIF,latest_vessel_schedule_minus_atd,229230380,,U,2023-07-23,2023,2023-07,2023-09-19,58,schedule_passed,2023
2026-09-09_ham-sha_merged,2026-09-07,HAM-SHA,HAM,SHA,import,ocean,CIF,latest_vessel_schedule_minus_atd,229231866,,U,2023-07-23,2023,2023-07,2023-09-19,58,schedule_passed,2023
2026-09-09_ham-sha_merged,2026-09-07,HAM-SHA,HAM,SHA,import,ocean,CIF,latest_vessel_schedule_minus_atd,228346694,,U,2023-07-27,2023,2023-07,2023-09-19,54,schedule_passed,2023
2026-09-09_ham-sha_merged,2026-09-07,HAM-SHA,HAM,SHA,import,ocean,CIF,latest_vessel_schedule_minus_atd,228346697,,U,2023-07-27,2023,2023-07,2023-09-19,54,schedule_passed,2023
2026-09-09_ham-sha_merged,2026-09-07,HAM-SHA,HAM,SHA,import,ocean,CIF,latest_vessel_schedule_minus_atd,228347874,,U,2023-08-05,2023,2023-08,2023-09-26,52,schedule_passed,2023
2026-09-09_ham-sha_merged,2026-09-07,HAM-SHA,HAM,SHA,import,ocean,CIF,latest_vessel_schedule_minus_atd,228348430,,U,2023-08-05,2023,2023-08,2023-09-26,52,schedule_passed,2023
2026-09-09_ham-sha_merged,2026-09-07,HAM-SHA,HAM,SHA,import,ocean,CIF,latest_vessel_schedule_minus_atd,229650935,,U,2023-08-05,2023,2023-08,2023-09-26,52,schedule_passed,2023
2026-09-09_ham-sha_merged,2026-09-07,HAM-SHA,HAM,SHA,import,ocean,CIF,latest_vessel_schedule_minus_atd,228347875,,U,2023-08-12,2023,2023-08,2023-10-03,52,schedule_passed,2023
2026-09-09_ham-sha_merged,2026-09-07,HAM-SHA,HAM,SHA,import,ocean,CIF,latest_vessel_schedule_minus_atd,228348428,,U,2023-08-12,2023,2023-08,2023-10-03,52,schedule_passed,2023
2026-09-09_ham-sha_merged,2026-09-07,HAM-SHA,HAM,SHA,import,ocean,CIF,latest_vessel_schedule_minus_atd,229948133,,U,2023-08-12,2023,2023-08,2023-10-03,52,schedule_passed,2023
2026-09-09_ham-sha_merged,2026-09-07,HAM-SHA,HAM,SHA,import,ocean,CIF,latest_vessel_schedule_minus_atd,228347873,,U,2023-08-19,2023,2023-08,2023-10-15,57,schedule_passed,2023
2026-09-09_ham-sha_merged,2026-09-07,HAM-SHA,HAM,SHA,import,ocean,CIF,latest_vessel_schedule_minus_atd,228348429,,U,2023-08-19,2023,2023-08,2023-10-15,57,schedule_passed,2023
2026-09-09_ham-sha_merged,2026-09-07,HAM-SHA,HAM,SHA,import,ocean,CIF,latest_vessel_schedule_minus_atd,230184449,,U,2023-08-19,2023,2023-08,2023-10-15,57,schedule_passed,2023
2026-09-09_ham-sha_merged,2026-09-07,HAM-SHA,HAM,SHA,import,ocean,CIF,latest_vessel_schedule_minus_atd,228347878,,U,2023-08-26,2023,2023-08,2023-10-17,52,schedule_passed,2023
2026-09-09_ham-sha_merged,2026-09-07,HAM-SHA,HAM,SHA,import,ocean,CIF,latest_vessel_schedule_minus_atd,228348438,,U,2023-08-26,2023,2023-08,2023-10-17,52,schedule_passed,2023
2026-09-09_ham-sha_merged,2026-09-07,HAM-SHA,HAM,SHA,import,ocean,CIF,latest_vessel_schedule_minus_atd,229397772,,U,2023-08-26,2023,2023-08,2023-10-17,52,schedule_passed,2023
2026-09-09_ham-sha_merged,2026-09-07,HAM-SHA,HAM,SHA,import,ocean,CIF,latest_vessel_schedule_minus_atd,229999693,,U,2023-09-04,2023,2023-09,2023-10-24,50,schedule_passed,2023
2026-09-09_ham-sha_merged,2026-09-07,HAM-SHA,HAM,SHA,import,ocean,CIF,latest_vessel_schedule_minus_atd,229999696,,U,2023-09-04,2023,2023-09,2023-10-24,50,schedule_passed,2023
2026-09-09_ham-sha_merged,2026-09-07,HAM-SHA,HAM,SHA,import,ocean,CIF,latest_vessel_schedule_minus_atd,229999698,,U,2023-09-10,2023,2023-09,2023-10-30,50,schedule_passed,2023
2026-09-09_ham-sha_merged,2026-09-07,HAM-SHA,HAM,SHA,import,ocean,CIF,latest_vessel_schedule_minus_atd,229999699,,U,2023-09-10,2023,2023-09,2023-10-30,50,schedule_passed,2023
2026-09-09_ham-sha_merged,2026-09-07,HAM-SHA,HAM,SHA,import,ocean,CIF,latest_vessel_schedule_minus_atd,229999112,,U,2023-09-17,2023,2023-09,2023-11-07,51,schedule_passed,2023
2026-09-09_ham-sha_merged,2026-09-07,HAM-SHA,HAM,SHA,import,ocean,CIF,latest_vessel_schedule_minus_atd,229999697,,U,2023-09-17,2023,2023-09,2023-11-07,51,schedule_passed,2023
2026-09-09_ham-sha_merged,2026-09-07,HAM-SHA,HAM,SHA,import,ocean,CIF,latest_vessel_schedule_minus_atd,230000288,,U,2023-09-17,2023,2023-09,2023-11-07,51,schedule_passed,2023
2026-09-09_ham-sha_merged,2026-09-07,HAM-SHA,HAM,SHA,import,ocean,CIF,latest_vessel_schedule_minus_atd,229999113,,U,2023-09-24,2023,2023-09,2023-11-15,52,schedule_passed,2023
2026-09-09_ham-sha_merged,2026-09-07,HAM-SHA,HAM,SHA,import,ocean,CIF,latest_vessel_schedule_minus_atd,229999695,,U,2023-09-24,2023,2023-09,2023-11-15,52,schedule_passed,2023
2026-09-09_ham-sha_merged,2026-09-07,HAM-SHA,HAM,SHA,import,ocean,CIF,latest_vessel_schedule_minus_atd,230000295,,U,2023-09-24,2023,2023-09,2023-11-15,52,schedule_passed,2023
2026-09-09_ham-sha_merged,2026-09-07,HAM-SHA,HAM,SHA,import,ocean,CIF,latest_vessel_schedule_minus_atd,231194122,,U,2023-09-30,2023,2023-09,2023-11-14,45,schedule_passed,2023
2026-09-09_ham-sha_merged,2026-09-07,HAM-SHA,HAM,SHA,import,ocean,CIF,latest_vessel_schedule_minus_atd,231195775,,U,2023-09-30,2023,2023-09,2023-11-14,45,schedule_passed,2023
2026-09-09_ham-sha_merged,2026-09-07,HAM-SHA,HAM,SHA,import,ocean,CIF,latest_vessel_schedule_minus_atd,231195773,,U,2023-10-08,2023,2023-10,2023-11-20,43,schedule_passed,2023
2026-09-09_ham-sha_merged,2026-09-07,HAM-SHA,HAM,SHA,import,ocean,CIF,latest_vessel_schedule_minus_atd,231196292,,U,2023-10-08,2023,2023-10,2023-11-20,43,schedule_passed,2023
2026-09-09_ham-sha_merged,2026-09-07,HAM-SHA,HAM,SHA,import,ocean,CIF,latest_vessel_schedule_minus_atd,231194678,,U,2023-10-21,2023,2023-10,2023-12-04,44,schedule_passed,2024
2026-09-09_ham-sha_merged,2026-09-07,HAM-SHA,HAM,SHA,import,ocean,CIF,latest_vessel_schedule_minus_atd,231196294,,U,2023-10-21,2023,2023-10,2023-12-04,44,schedule_passed,2024
2026-09-09_ham-sha_merged,2026-09-07,HAM-SHA,HAM,SHA,import,ocean,CIF,latest_vessel_schedule_minus_atd,232229072,,U,2023-10-21,2023,2023-10,2023-12-04,44,schedule_passed,2024
2026-09-09_ham-sha_merged,2026-09-07,HAM-SHA,HAM,SHA,import,ocean,CIF,latest_vessel_schedule_minus_atd,232229587,,U,2023-10-21,2023,2023-10,2023-12-13,53,schedule_passed,2024
2026-09-09_ham-sha_merged,2026-09-07,HAM-SHA,HAM,SHA,import,ocean,CIF,latest_vessel_schedule_minus_atd,231707816,,U,2023-10-28,2023,2023-10,2023-12-11,44,schedule_passed,2024
2026-09-09_ham-sha_merged,2026-09-07,HAM-SHA,HAM,SHA,import,ocean,CIF,latest_vessel_schedule_minus_atd,231713744,,U,2023-10-28,2023,2023-10,2023-12-11,44,schedule_passed,2024
2026-09-09_ham-sha_merged,2026-09-07,HAM-SHA,HAM,SHA,import,ocean,CIF,latest_vessel_schedule_minus_atd,231715199,,U,2023-10-28,2023,2023-10,2023-12-11,44,schedule_passed,2024
2026-09-09_ham-sha_merged,2026-09-07,HAM-SHA,HAM,SHA,import,ocean,CIF,latest_vessel_schedule_minus_atd,232504018,,U,2023-10-28,2023,2023-10,2023-12-13,46,schedule_passed,2024
2026-09-09_ham-sha_merged,2026-09-07,HAM-SHA,HAM,SHA,import,ocean,CIF,latest_vessel_schedule_minus_atd,231707815,,U,2023-11-04,2023,2023-11,2023-12-18,44,schedule_passed,2024
2026-09-09_ham-sha_merged,2026-09-07,HAM-SHA,HAM,SHA,import,ocean,CIF,latest_vessel_schedule_minus_atd,231716410,,U,2023-11-04,2023,2023-11,2023-12-18,44,schedule_passed,2024
2026-09-09_ham-sha_merged,2026-09-07,HAM-SHA,HAM,SHA,import,ocean,CIF,latest_vessel_schedule_minus_atd,232722658,,U,2023-11-04,2023,2023-11,2023-12-19,45,schedule_passed,2024
2026-09-09_ham-sha_merged,2026-09-07,HAM-SHA,HAM,SHA,import,ocean,CIF,latest_vessel_schedule_minus_atd,231707820,,U,2023-11-14,2023,2023-11,2023-12-28,44,schedule_passed,2024
2026-09-09_ham-sha_merged,2026-09-07,HAM-SHA,HAM,SHA,import,ocean,CIF,latest_vessel_schedule_minus_atd,231716409,,U,2023-11-14,2023,2023-11,2023-12-28,44,schedule_passed,2024
2026-09-09_ham-sha_merged,2026-09-07,HAM-SHA,HAM,SHA,import,ocean,CIF,latest_vessel_schedule_minus_atd,232941359,,U,2023-11-14,2023,2023-11,2023-12-28,44,schedule_passed,2024
2026-09-09_ham-sha_merged,2026-09-07,HAM-SHA,HAM,SHA,import,ocean,CIF,latest_vessel_schedule_minus_atd,232941866,,U,2023-11-14,2023,2023-11,2023-12-28,44,schedule_passed,2024
2026-09-09_ham-sha_merged,2026-09-07,HAM-SHA,HAM,SHA,import,ocean,CIF,latest_vessel_schedule_minus_atd,231709645,HAM-SIN-SHA,N,2023-11-27,2023,2023-11,2024-01-25,59,schedule_passed,2024
2026-09-09_ham-sha_merged,2026-09-07,HAM-SHA,HAM,SHA,import,ocean,CIF,latest_vessel_schedule_minus_atd,231717525,HAM-SIN-SHA,N,2023-11-27,2023,2023-11,2024-01-25,59,schedule_passed,2024
2026-09-09_ham-sha_merged,2026-09-07,HAM-SHA,HAM,SHA,import,ocean,CIF,latest_vessel_schedule_minus_atd,231715195,HAM-SIN-SHA,N,2023-11-29,2023,2023-11,2024-01-27,59,schedule_passed,2024
2026-09-09_ham-sha_merged,2026-09-07,HAM-SHA,HAM,SHA,import,ocean,CIF,latest_vessel_schedule_minus_atd,232939492,HAM-SIN-SHA,N,2023-12-02,2023,2023-12,2024-01-25,54,schedule_passed,2024
2026-09-09_ham-sha_merged,2026-09-07,HAM-SHA,HAM,SHA,import,ocean,CIF,latest_vessel_schedule_minus_atd,232940110,HAM-SIN-SHA,N,2023-12-02,2023,2023-12,2024-02-22,82,schedule_passed,2024
2026-09-09_ham-sha_merged,2026-09-07,HAM-SHA,HAM,SHA,import,ocean,CIF,latest_vessel_schedule_minus_atd,232940819,HAM-SIN-SHA,N,2023-12-02,2023,2023-12,2024-01-25,54,schedule_passed,2024
2026-09-09_ham-sha_merged,2026-09-07,HAM-SHA,HAM,SHA,import,ocean,CIF,latest_vessel_schedule_minus_atd,232939495,,U,2023-12-10,2023,2023-12,2024-02-09,61,schedule_passed,2024
2026-09-09_ham-sha_merged,2026-09-07,HAM-SHA,HAM,SHA,import,ocean,CIF,latest_vessel_schedule_minus_atd,232940822,,U,2023-12-10,2023,2023-12,2024-02-09,61,schedule_passed,2024
2026-09-09_ham-sha_merged,2026-09-07,HAM-SHA,HAM,SHA,import,ocean,CIF,latest_vessel_schedule_minus_atd,232939503,,U,2023-12-20,2023,2023-12,2024-02-09,51,schedule_passed,2024
2026-09-09_ham-sha_merged,2026-09-07,HAM-SHA,HAM,SHA,import,ocean,CIF,latest_vessel_schedule_minus_atd,232940820,,U,2023-12-20,2023,2023-12,2024-02-09,51,schedule_passed,2024
2026-09-09_ham-sha_merged,2026-09-07,HAM-SHA,HAM,SHA,import,ocean,CIF,latest_vessel_schedule_minus_atd,232939508,,U,2024-01-06,2024,2024-01,2024-03-03,57,schedule_passed,2024
2026-09-09_ham-sha_merged,2026-09-07,HAM-SHA,HAM,SHA,import,ocean,CIF,latest_vessel_schedule_minus_atd,232940116,,U,2024-01-06,2024,2024-01,2024-03-04,58,schedule_passed,2024
2026-09-09_ham-sha_merged,2026-09-07,HAM-SHA,HAM,SHA,import,ocean,CIF,latest_vessel_schedule_minus_atd,232940816,,U,2024-01-06,2024,2024-01,2024-03-03,57,schedule_passed,2024
2026-09-09_ham-sha_merged,2026-09-07,HAM-SHA,HAM,SHA,import,ocean,CIF,latest_vessel_schedule_minus_atd,232941358,,U,2024-01-06,2024,2024-01,2024-03-03,57,schedule_passed,2024
2026-09-09_ham-sha_merged,2026-09-07,HAM-SHA,HAM,SHA,import,ocean,CIF,latest_vessel_schedule_minus_atd,234707219,,U,2024-01-06,2024,2024-01,2024-03-03,57,schedule_passed,2024
2026-09-09_ham-sha_merged,2026-09-07,HAM-SHA,HAM,SHA,import,ocean,CIF,latest_vessel_schedule_minus_atd,233853193,,U,2024-01-10,2024,2024-01,2024-02-21,42,schedule_passed,2024
2026-09-09_ham-sha_merged,2026-09-07,HAM-SHA,HAM,SHA,import,ocean,CIF,latest_vessel_schedule_minus_atd,233853205,,U,2024-01-10,2024,2024-01,2024-02-21,42,schedule_passed,2024
2026-09-09_ham-sha_merged,2026-09-07,HAM-SHA,HAM,SHA,import,ocean,CIF,latest_vessel_schedule_minus_atd,233854250,,U,2024-01-10,2024,2024-01,2024-02-21,42,schedule_passed,2024
2026-09-09_ham-sha_merged,2026-09-07,HAM-SHA,HAM,SHA,import,ocean,CIF,latest_vessel_schedule_minus_atd,233853203,,U,2024-01-27,2024,2024-01,2024-03-15,48,schedule_passed,2024
2026-09-09_ham-sha_merged,2026-09-07,HAM-SHA,HAM,SHA,import,ocean,CIF,latest_vessel_schedule_minus_atd,233854251,,U,2024-01-27,2024,2024-01,2024-03-15,48,schedule_passed,2024
2026-09-09_ham-sha_merged,2026-09-07,HAM-SHA,HAM,SHA,import,ocean,CIF,latest_vessel_schedule_minus_atd,233853199,,U,2024-02-02,2024,2024-02,2024-03-25,52,schedule_passed,2024
2026-09-09_ham-sha_merged,2026-09-07,HAM-SHA,HAM,SHA,import,ocean,CIF,latest_vessel_schedule_minus_atd,233854249,,U,2024-02-02,2024,2024-02,2024-03-25,52,schedule_passed,2024
2026-09-09_ham-sha_merged,2026-09-07,HAM-SHA,HAM,SHA,import,ocean,CIF,latest_vessel_schedule_minus_atd,233853201,,U,2024-02-07,2024,2024-02,2024-03-25,47,schedule_passed,2024
2026-09-09_ham-sha_merged,2026-09-07,HAM-SHA,HAM,SHA,import,ocean,CIF,latest_vessel_schedule_minus_atd,233853213,,U,2024-02-07,2024,2024-02,2024-03-26,48,schedule_passed,2024
2026-09-09_ham-sha_merged,2026-09-07,HAM-SHA,HAM,SHA,import,ocean,CIF,latest_vessel_schedule_minus_atd,233854252,,U,2024-02-07,2024,2024-02,2024-03-25,47,schedule_passed,2024
2026-09-09_ham-sha_merged,2026-09-07,HAM-SHA,HAM,SHA,import,ocean,CIF,latest_vessel_schedule_minus_atd,235475222,,U,2024-02-10,2024,2024-02,2024-04-03,53,schedule_passed,2024
2026-09-09_ham-sha_merged,2026-09-07,HAM-SHA,HAM,SHA,import,ocean,CIF,latest_vessel_schedule_minus_atd,235893882,,U,2024-02-10,2024,2024-02,2024-04-03,53,schedule_passed,2024
2026-09-09_ham-sha_merged,2026-09-07,HAM-SHA,HAM,SHA,import,ocean,CIF,latest_vessel_schedule_minus_atd,235474676,,U,2024-02-19,2024,2024-02,2024-04-18,59,schedule_passed,2024
2026-09-09_ham-sha_merged,2026-09-07,HAM-SHA,HAM,SHA,import,ocean,CIF,latest_vessel_schedule_minus_atd,235475220,,U,2024-02-19,2024,2024-02,2024-04-18,59,schedule_passed,2024
2026-09-09_ham-sha_merged,2026-09-07,HAM-SHA,HAM,SHA,import,ocean,CIF,latest_vessel_schedule_minus_atd,235475227,,U,2024-02-19,2024,2024-02,2024-04-18,59,schedule_passed,2024
2026-09-09_ham-sha_merged,2026-09-07,HAM-SHA,HAM,SHA,import,ocean,CIF,latest_vessel_schedule_minus_atd,235474674,,U,2024-02-25,2024,2024-02,2024-04-25,60,schedule_passed,2024
2026-09-09_ham-sha_merged,2026-09-07,HAM-SHA,HAM,SHA,import,ocean,CIF,latest_vessel_schedule_minus_atd,235475213,,U,2024-02-25,2024,2024-02,2024-04-25,60,schedule_passed,2024
2026-09-09_ham-sha_merged,2026-09-07,HAM-SHA,HAM,SHA,import,ocean,CIF,latest_vessel_schedule_minus_atd,235475218,,U,2024-02-25,2024,2024-02,2024-04-25,60,schedule_passed,2024
2026-09-09_ham-sha_merged,2026-09-07,HAM-SHA,HAM,SHA,import,ocean,CIF,latest_vessel_schedule_minus_atd,235474672,,U,2024-03-07,2024,2024-03,2024-05-23,77,schedule_passed,2024
2026-09-09_ham-sha_merged,2026-09-07,HAM-SHA,HAM,SHA,import,ocean,CIF,latest_vessel_schedule_minus_atd,235475217,,U,2024-03-07,2024,2024-03,2024-05-08,62,schedule_passed,2024
2026-09-09_ham-sha_merged,2026-09-07,HAM-SHA,HAM,SHA,import,ocean,CIF,latest_vessel_schedule_minus_atd,238184621,,U,2024-03-07,2024,2024-03,2024-05-23,77,schedule_passed,2024
2026-09-09_ham-sha_merged,2026-09-07,HAM-SHA,HAM,SHA,import,ocean,CIF,latest_vessel_schedule_minus_atd,235995989,,U,2024-03-12,2024,2024-03,2024-05-11,60,schedule_passed,2024
2026-09-09_ham-sha_merged,2026-09-07,HAM-SHA,HAM,SHA,import,ocean,CIF,latest_vessel_schedule_minus_atd,235996502,,U,2024-03-12,2024,2024-03,2024-05-10,59,schedule_passed,2024
2026-09-09_ham-sha_merged,2026-09-07,HAM-SHA,HAM,SHA,import,ocean,CIF,latest_vessel_schedule_minus_atd,235996504,,U,2024-03-12,2024,2024-03,2024-05-08,57,schedule_passed,2024
2026-09-09_ham-sha_merged,2026-09-07,HAM-SHA,HAM,SHA,import,ocean,CIF,latest_vessel_schedule_minus_atd,235995991,,U,2024-03-20,2024,2024-03,2024-05-14,55,schedule_passed,2024
2026-09-09_ham-sha_merged,2026-09-07,HAM-SHA,HAM,SHA,import,ocean,CIF,latest_vessel_schedule_minus_atd,235996511,,U,2024-03-20,2024,2024-03,2024-05-14,55,schedule_passed,2024
2026-09-09_ham-sha_merged,2026-09-07,HAM-SHA,HAM,SHA,import,ocean,CIF,latest_vessel_schedule_minus_atd,235995990,,U,2024-03-24,2024,2024-03,2024-05-23,60,schedule_passed,2024
2026-09-09_ham-sha_merged,2026-09-07,HAM-SHA,HAM,SHA,import,ocean,CIF,latest_vessel_schedule_minus_atd,235996510,,U,2024-03-24,2024,2024-03,2024-05-23,60,schedule_passed,2024
2026-09-09_ham-sha_merged,2026-09-07,HAM-SHA,HAM,SHA,import,ocean,CIF,latest_vessel_schedule_minus_atd,235995993,,U,2024-03-30,2024,2024-03,2024-05-23,54,schedule_passed,2024
2026-09-09_ham-sha_merged,2026-09-07,HAM-SHA,HAM,SHA,import,ocean,CIF,latest_vessel_schedule_minus_atd,235996512,,U,2024-03-30,2024,2024-03,2024-05-23,54,schedule_passed,2024
2026-09-09_ham-sha_merged,2026-09-07,HAM-SHA,HAM,SHA,import,ocean,CIF,latest_vessel_schedule_minus_atd,236736815,HAM-TAN-SIN-SHA,N,2024-04-16,2024,2024-04,2024-06-19,64,schedule_passed,2024
2026-09-09_ham-sha_merged,2026-09-07,HAM-SHA,HAM,SHA,import,ocean,CIF,latest_vessel_schedule_minus_atd,236738817,HAM-TAN-SHA,N,2024-04-16,2024,2024-04,2024-06-22,67,schedule_passed,2024
2026-09-09_ham-sha_merged,2026-09-07,HAM-SHA,HAM,SHA,import,ocean,CIF,latest_vessel_schedule_minus_atd,237848542,HAM-TAN-SIN-SHA,N,2024-04-16,2024,2024-04,2024-06-19,64,schedule_passed,2024
2026-09-09_ham-sha_merged,2026-09-07,HAM-SHA,HAM,SHA,import,ocean,CIF,latest_vessel_schedule_minus_atd,236736820,HAM-BRE-SHA,N,2024-04-25,2024,2024-04,2024-06-19,55,schedule_passed,2024
2026-09-09_ham-sha_merged,2026-09-07,HAM-SHA,HAM,SHA,import,ocean,CIF,latest_vessel_schedule_minus_atd,236737735,HAM-BRE-SHA,N,2024-04-25,2024,2024-04,2024-06-19,55,schedule_passed,2024
2026-09-09_ham-sha_merged,2026-09-07,HAM-SHA,HAM,SHA,import,ocean,CIF,latest_vessel_schedule_minus_atd,236738820,HAM-BRE-SHA,N,2024-04-25,2024,2024-04,2024-06-19,55,schedule_passed,2024
2026-09-09_ham-sha_merged,2026-09-07,HAM-SHA,HAM,SHA,import,ocean,CIF,latest_vessel_schedule_minus_atd,236739784,HAM-BRE-SHA,N,2024-04-25,2024,2024-04,2024-06-19,55,schedule_passed,2024
2026-09-09_ham-sha_merged,2026-09-07,HAM-SHA,HAM,SHA,import,ocean,CIF,latest_vessel_schedule_minus_atd,236736813,HAM-TAN-SHA,N,2024-04-26,2024,2024-04,2024-06-22,57,schedule_passed,2024
2026-09-09_ham-sha_merged,2026-09-07,HAM-SHA,HAM,SHA,import,ocean,CIF,latest_vessel_schedule_minus_atd,236738821,HAM-TAN-SHA,N,2024-04-26,2024,2024-04,2024-06-22,57,schedule_passed,2024
2026-09-09_ham-sha_merged,2026-09-07,HAM-SHA,HAM,SHA,import,ocean,CIF,latest_vessel_schedule_minus_atd,236737733,HAM-TAN-SHA,N,2024-05-04,2024,2024-05,2024-06-26,53,schedule_passed,2024
2026-09-09_ham-sha_merged,2026-09-07,HAM-SHA,HAM,SHA,import,ocean,CIF,latest_vessel_schedule_minus_atd,236739778,HAM-TAN-SHA,N,2024-05-04,2024,2024-05,2024-06-26,53,schedule_passed,2024
2026-09-09_ham-sha_merged,2026-09-07,HAM-SHA,HAM,SHA,import,ocean,CIF,latest_vessel_schedule_minus_atd,238211050,HAM-TAN-SHA,N,2024-05-07,2024,2024-05,2024-06-26,50,schedule_passed,2024
2026-09-09_ham-sha_merged,2026-09-07,HAM-SHA,HAM,SHA,import,ocean,CIF,latest_vessel_schedule_minus_atd,238211057,HAM-TAN-SHA,N,2024-05-07,2024,2024-05,2024-06-26,50,schedule_passed,2024
2026-09-09_ham-sha_merged,2026-09-07,HAM-SHA,HAM,SHA,import,ocean,CIF,latest_vessel_schedule_minus_atd,238211053,HAM-TAN-SHA,N,2024-05-15,2024,2024-05,2024-07-08,54,schedule_passed,2024
2026-09-09_ham-sha_merged,2026-09-07,HAM-SHA,HAM,SHA,import,ocean,CIF,latest_vessel_schedule_minus_atd,238211067,HAM-TAN-SHA,N,2024-05-15,2024,2024-05,2024-07-08,54,schedule_passed,2024
2026-09-09_ham-sha_merged,2026-09-07,HAM-SHA,HAM,SHA,import,ocean,CIF,latest_vessel_schedule_minus_atd,238211565,HAM-TAN-SHA,N,2024-05-15,2024,2024-05,2024-07-09,55,schedule_passed,2024
2026-09-09_ham-sha_merged,2026-09-07,HAM-SHA,HAM,SHA,import,ocean,CIF,latest_vessel_schedule_minus_atd,238211054,HAM-TAN-SHA,N,2024-05-21,2024,2024-05,2024-07-12,52,schedule_passed,2024
2026-09-09_ham-sha_merged,2026-09-07,HAM-SHA,HAM,SHA,import,ocean,CIF,latest_vessel_schedule_minus_atd,238211064,HAM-TAN-SHA,N,2024-05-21,2024,2024-05,2024-07-12,52,schedule_passed,2024
2026-09-09_ham-sha_merged,2026-09-07,HAM-SHA,HAM,SHA,import,ocean,CIF,latest_vessel_schedule_minus_atd,239226276,HAM-SHA,Y,2024-05-21,2024,2024-05,2024-07-25,65,schedule_passed,2024
2026-09-09_ham-sha_merged,2026-09-07,HAM-SHA,HAM,SHA,import,ocean,CIF,latest_vessel_schedule_minus_atd,238211055,HAM-TAN-SHA,N,2024-05-29,2024,2024-05,2024-07-20,52,schedule_passed,2024
2026-09-09_ham-sha_merged,2026-09-07,HAM-SHA,HAM,SHA,import,ocean,CIF,latest_vessel_schedule_minus_atd,238211069,HAM-TAN-SHA,N,2024-05-29,2024,2024-05,2024-07-20,52,schedule_passed,2024
2026-09-09_ham-sha_merged,2026-09-07,HAM-SHA,HAM,SHA,import,ocean,CIF,latest_vessel_schedule_minus_atd,238212161,HAM-TAN-SHA,N,2024-05-29,2024,2024-05,2024-07-20,52,schedule_passed,2024
2026-09-09_ham-sha_merged,2026-09-07,HAM-SHA,HAM,SHA,import,ocean,CIF,latest_vessel_schedule_minus_atd,238211056,HAM-TAN-SHA,N,2024-06-04,2024,2024-06,2024-07-31,57,schedule_passed,2024
2026-09-09_ham-sha_merged,2026-09-07,HAM-SHA,HAM,SHA,import,ocean,CIF,latest_vessel_schedule_minus_atd,238211078,HAM-TAN-SHA,N,2024-06-04,2024,2024-06,2024-07-31,57,schedule_passed,2024
2026-09-09_ham-sha_merged,2026-09-07,HAM-SHA,HAM,SHA,import,ocean,CIF,latest_vessel_schedule_minus_atd,238212162,HAM-TAN-SHA,N,2024-06-04,2024,2024-06,2024-07-31,57,schedule_passed,2024
2026-09-09_ham-sha_merged,2026-09-07,HAM-SHA,HAM,SHA,import,ocean,CIF,latest_vessel_schedule_minus_atd,239313156,HAM-TAN-SHA,N,2024-06-11,2024,2024-06,2024-07-31,50,schedule_passed,2024
2026-09-09_ham-sha_merged,2026-09-07,HAM-SHA,HAM,SHA,import,ocean,CIF,latest_vessel_schedule_minus_atd,239312598,HAM-TAN-SHA,N,2024-06-16,2024,2024-06,2024-08-07,52,schedule_passed,2024
2026-09-09_ham-sha_merged,2026-09-07,HAM-SHA,HAM,SHA,import,ocean,CIF,latest_vessel_schedule_minus_atd,239313160,HAM-TAN-SHA,N,2024-06-16,2024,2024-06,2024-08-07,52,schedule_passed,2024
2026-09-09_ham-sha_merged,2026-09-07,HAM-SHA,HAM,SHA,import,ocean,CIF,latest_vessel_schedule_minus_atd,239314305,HAM-TAN-SHA,N,2024-06-16,2024,2024-06,2024-08-07,52,schedule_passed,2024
2026-09-09_ham-sha_merged,2026-09-07,HAM-SHA,HAM,SHA,import,ocean,CIF,latest_vessel_schedule_minus_atd,239312600,HAM-TAN-SHA,N,2024-06-20,2024,2024-06,2024-08-07,48,schedule_passed,2024
2026-09-09_ham-sha_merged,2026-09-07,HAM-SHA,HAM,SHA,import,ocean,CIF,latest_vessel_schedule_minus_atd,239313158,HAM-TAN-SHA,N,2024-06-26,2024,2024-06,2024-08-20,55,schedule_passed,2024
2026-09-09_ham-sha_merged,2026-09-07,HAM-SHA,HAM,SHA,import,ocean,CIF,latest_vessel_schedule_minus_atd,239313725,HAM-TAN-SHA,N,2024-06-26,2024,2024-06,2024-08-20,55,schedule_passed,2024
2026-09-09_ham-sha_merged,2026-09-07,HAM-SHA,HAM,SHA,import,ocean,CIF,latest_vessel_schedule_minus_atd,239314304,HAM-TAN-SHA,N,2024-06-26,2024,2024-06,2024-08-21,56,schedule_passed,2024
2026-09-09_ham-sha_merged,2026-09-07,HAM-SHA,HAM,SHA,import,ocean,CIF,latest_vessel_schedule_minus_atd,239313155,HAM-TAN-SHA,N,2024-07-03,2024,2024-07,2024-08-30,58,schedule_passed,2024
2026-09-09_ham-sha_merged,2026-09-07,HAM-SHA,HAM,SHA,import,ocean,CIF,latest_vessel_schedule_minus_atd,239313731,HAM-TAN-SHA,N,2024-07-03,2024,2024-07,2024-08-30,58,schedule_passed,2024
2026-09-09_ham-sha_merged,2026-09-07,HAM-SHA,HAM,SHA,import,ocean,CIF,latest_vessel_schedule_minus_atd,239314303,HAM-TAN-SHA,N,2024-07-03,2024,2024-07,2024-08-31,59,schedule_passed,2024
2026-09-09_ham-sha_merged,2026-09-07,HAM-SHA,HAM,SHA,import,ocean,CIF,latest_vessel_schedule_minus_atd,239314307,HAM-TAN-SHA,N,2024-07-12,2024,2024-07,2024-09-03,53,schedule_passed,2024
2026-09-09_ham-sha_merged,2026-09-07,HAM-SHA,HAM,SHA,import,ocean,CIF,latest_vessel_schedule_minus_atd,241293807,HAM-TAN-SHA,N,2024-07-18,2024,2024-07,2024-09-12,56,schedule_passed,2024
2026-09-09_ham-sha_merged,2026-09-07,HAM-SHA,HAM,SHA,import,ocean,CIF,latest_vessel_schedule_minus_atd,241294665,HAM-TAN-SHA,N,2024-07-18,2024,2024-07,2024-09-12,56,schedule_passed,2024
2026-09-09_ham-sha_merged,2026-09-07,HAM-SHA,HAM,SHA,import,ocean,CIF,latest_vessel_schedule_minus_atd,241295417,HAM-TAN-SHA,N,2024-07-18,2024,2024-07,2024-09-12,56,schedule_passed,2024
2026-09-09_ham-sha_merged,2026-09-07,HAM-SHA,HAM,SHA,import,ocean,CIF,latest_vessel_schedule_minus_atd,241293808,HAM-TAN-SHA,N,2024-08-04,2024,2024-08,2024-09-26,53,schedule_passed,2024
2026-09-09_ham-sha_merged,2026-09-07,HAM-SHA,HAM,SHA,import,ocean,CIF,latest_vessel_schedule_minus_atd,241294663,HAM-TAN-SHA,N,2024-08-04,2024,2024-08,2024-09-26,53,schedule_passed,2024
2026-09-09_ham-sha_merged,2026-09-07,HAM-SHA,HAM,SHA,import,ocean,CIF,latest_vessel_schedule_minus_atd,241295412,HAM-TAN-SHA,N,2024-08-04,2024,2024-08,2024-09-26,53,schedule_passed,2024
2026-09-09_ham-sha_merged,2026-09-07,HAM-SHA,HAM,SHA,import,ocean,CIF,latest_vessel_schedule_minus_atd,241295414,HAM-TAN-SHA,N,2024-08-04,2024,2024-08,2024-09-26,53,schedule_passed,2024
2026-09-09_ham-sha_merged,2026-09-07,HAM-SHA,HAM,SHA,import,ocean,CIF,latest_vessel_schedule_minus_atd,241296156,HAM-TAN-SHA,N,2024-08-04,2024,2024-08,2024-09-26,53,schedule_passed,2024
2026-09-09_ham-sha_merged,2026-09-07,HAM-SHA,HAM,SHA,import,ocean,CIF,latest_vessel_schedule_minus_atd,241294666,HAM-TAN-SHA,N,2024-08-13,2024,2024-08,2024-10-08,56,schedule_passed,2024
2026-09-09_ham-sha_merged,2026-09-07,HAM-SHA,HAM,SHA,import,ocean,CIF,latest_vessel_schedule_minus_atd,241294669,HAM-TAN-SHA,N,2024-08-13,2024,2024-08,2024-10-08,56,schedule_passed,2024
2026-09-09_ham-sha_merged,2026-09-07,HAM-SHA,HAM,SHA,import,ocean,CIF,latest_vessel_schedule_minus_atd,241295419,HAM-SHA,Y,2024-08-13,2024,2024-08,2024-10-11,59,schedule_passed,2024
2026-09-09_ham-sha_merged,2026-09-07,HAM-SHA,HAM,SHA,import,ocean,CIF,latest_vessel_schedule_minus_atd,241296160,HAM-TAN-SHA,N,2024-08-13,2024,2024-08,2024-10-09,57,schedule_passed,2024
2026-09-09_ham-sha_merged,2026-09-07,HAM-SHA,HAM,SHA,import,ocean,CIF,latest_vessel_schedule_minus_atd,241296165,HAM-TAN-SHA,N,2024-08-13,2024,2024-08,2024-10-09,57,schedule_passed,2024
2026-09-09_ham-sha_merged,2026-09-07,HAM-SHA,HAM,SHA,import,ocean,CIF,latest_vessel_schedule_minus_atd,241295423,HAM-TAN-ALG-SHA,N,2024-08-19,2024,2024-08,2024-10-13,55,schedule_passed,2024
2026-09-09_ham-sha_merged,2026-09-07,HAM-SHA,HAM,SHA,import,ocean,CIF,latest_vessel_schedule_minus_atd,242365937,HAM-TAN-SHA,N,2024-08-22,2024,2024-08,2024-10-10,49,schedule_passed,2024
2026-09-09_ham-sha_merged,2026-09-07,HAM-SHA,HAM,SHA,import,ocean,CIF,latest_vessel_schedule_minus_atd,242367119,HAM-TAN-SHA,N,2024-08-22,2024,2024-08,2024-10-10,49,schedule_passed,2024
2026-09-09_ham-sha_merged,2026-09-07,HAM-SHA,HAM,SHA,import,ocean,CIF,latest_vessel_schedule_minus_atd,242367121,HAM-TAN-SHA,N,2024-08-27,2024,2024-08,2024-10-13,47,schedule_passed,2024
2026-09-09_ham-sha_merged,2026-09-07,HAM-SHA,HAM,SHA,import,ocean,CIF,latest_vessel_schedule_minus_atd,243374104,HAM-TAN-SHA,N,2024-08-27,2024,2024-08,2024-10-22,56,schedule_passed,2024
2026-09-09_ham-sha_merged,2026-09-07,HAM-SHA,HAM,SHA,import,ocean,CIF,latest_vessel_schedule_minus_atd,242365935,HAM-TAN-SHA,N,2024-08-30,2024,2024-08,2024-10-13,44,schedule_passed,2024
2026-09-09_ham-sha_merged,2026-09-07,HAM-SHA,HAM,SHA,import,ocean,CIF,latest_vessel_schedule_minus_atd,242365933,HAM-TAN-SHA,N,2024-09-03,2024,2024-09,2024-10-22,49,schedule_passed,2024
2026-09-09_ham-sha_merged,2026-09-07,HAM-SHA,HAM,SHA,import,ocean,CIF,latest_vessel_schedule_minus_atd,242367124,HAM-TAN-SHA,N,2024-09-03,2024,2024-09,2024-10-22,49,schedule_passed,2024
2026-09-09_ham-sha_merged,2026-09-07,HAM-SHA,HAM,SHA,import,ocean,CIF,latest_vessel_schedule_minus_atd,242372994,HAM-TAN-SHA,N,2024-09-03,2024,2024-09,2024-10-22,49,schedule_passed,2024
2026-09-09_ham-sha_merged,2026-09-07,HAM-SHA,HAM,SHA,import,ocean,CIF,latest_vessel_schedule_minus_atd,242365939,HAM-TAN-SHA,N,2024-09-11,2024,2024-09,2024-11-12,62,schedule_passed,2024
2026-09-09_ham-sha_merged,2026-09-07,HAM-SHA,HAM,SHA,import,ocean,CIF,latest_vessel_schedule_minus_atd,242367120,HAM-TAN-MED2-SHA,N,2024-09-11,2024,2024-09,2024-11-10,60,schedule_passed,2024
2026-09-09_ham-sha_merged,2026-09-07,HAM-SHA,HAM,SHA,import,ocean,CIF,latest_vessel_schedule_minus_atd,242372996,HAM-RTM-SHA,N,2024-09-27,2024,2024-09,2024-11-24,58,schedule_passed,2024
2026-09-09_ham-sha_merged,2026-09-07,HAM-SHA,HAM,SHA,import,ocean,CIF,latest_vessel_schedule_minus_atd,244356218,HAM-RTM-SHA,N,2024-09-27,2024,2024-09,2024-11-24,58,schedule_passed,2024
2026-09-09_ham-sha_merged,2026-09-07,HAM-SHA,HAM,SHA,import,ocean,CIF,latest_vessel_schedule_minus_atd,242365936,HAM-TAN-SHA,N,2024-10-02,2024,2024-10,2024-11-26,55,schedule_passed,2024
2026-09-09_ham-sha_merged,2026-09-07,HAM-SHA,HAM,SHA,import,ocean,CIF,latest_vessel_schedule_minus_atd,242367122,HAM-BRE-SHA,N,2024-10-02,2024,2024-10,2024-11-18,47,schedule_passed,2024
2026-09-09_ham-sha_merged,2026-09-07,HAM-SHA,HAM,SHA,import,ocean,CIF,latest_vessel_schedule_minus_atd,244356216,HAM-TAN-SHA,N,2024-10-02,2024,2024-10,2024-11-26,55,schedule_passed,2024
2026-09-09_ham-sha_merged,2026-09-07,HAM-SHA,HAM,SHA,import,ocean,CIF,latest_vessel_schedule_minus_atd,243074752,HAM-TAN-SHA,N,2024-10-11,2024,2024-10,2024-12-05,55,schedule_passed,2024
2026-09-09_ham-sha_merged,2026-09-07,HAM-SHA,HAM,SHA,import,ocean,CIF,latest_vessel_schedule_minus_atd,243074753,HAM-YTN-TPP-SHA,N,2024-10-11,2024,2024-10,2024-12-22,72,schedule_passed,2025
2026-09-09_ham-sha_merged,2026-09-07,HAM-SHA,HAM,SHA,import,ocean,CIF,latest_vessel_schedule_minus_atd,243075334,HAM-TAN-SHA,N,2024-10-11,2024,2024-10,2024-12-05,55,schedule_passed,2024
2026-09-09_ham-sha_merged,2026-09-07,HAM-SHA,HAM,SHA,import,ocean,CIF,latest_vessel_schedule_minus_atd,243075335,HAM-TAN-SHA,N,2024-10-11,2024,2024-10,2024-12-05,55,schedule_passed,2024
2026-09-09_ham-sha_merged,2026-09-07,HAM-SHA,HAM,SHA,import,ocean,CIF,latest_vessel_schedule_minus_atd,243075336,HAM-TAN-SHA,N,2024-10-11,2024,2024-10,2024-12-05,55,schedule_passed,2024
2026-09-09_ham-sha_merged,2026-09-07,HAM-SHA,HAM,SHA,import,ocean,CIF,latest_vessel_schedule_minus_atd,243075338,HAM-TAN-SHA,N,2024-10-11,2024,2024-10,2024-12-05,55,schedule_passed,2024
2026-09-09_ham-sha_merged,2026-09-07,HAM-SHA,HAM,SHA,import,ocean,CIF,latest_vessel_schedule_minus_atd,244118271,HAM-TAN-SHA,N,2024-10-15,2024,2024-10,2024-12-05,51,schedule_passed,2024
2026-09-09_ham-sha_merged,2026-09-07,HAM-SHA,HAM,SHA,import,ocean,CIF,latest_vessel_schedule_minus_atd,244119544,HAM-TAN-SHA,N,2024-10-15,2024,2024-10,2024-12-05,51,schedule_passed,2024
2026-09-09_ham-sha_merged,2026-09-07,HAM-SHA,HAM,SHA,import,ocean,CIF,latest_vessel_schedule_minus_atd,244118269,HAM-TAN-SHA,N,2024-10-23,2024,2024-10,2024-12-21,59,schedule_passed,2024
2026-09-09_ham-sha_merged,2026-09-07,HAM-SHA,HAM,SHA,import,ocean,CIF,latest_vessel_schedule_minus_atd,244118943,HAM-TAN-SHA,N,2024-10-23,2024,2024-10,2024-12-21,59,schedule_passed,2025
2026-09-09_ham-sha_merged,2026-09-07,HAM-SHA,HAM,SHA,import,ocean,CIF,latest_vessel_schedule_minus_atd,244118945,HAM-TAN-SHA,N,2024-10-23,2024,2024-10,2024-12-21,59,schedule_passed,2024
2026-09-09_ham-sha_merged,2026-09-07,HAM-SHA,HAM,SHA,import,ocean,CIF,latest_vessel_schedule_minus_atd,244119542,HAM-TAN-SHA,N,2024-10-23,2024,2024-10,2024-12-21,59,schedule_passed,2024
2026-09-09_ham-sha_merged,2026-09-07,HAM-SHA,HAM,SHA,import,ocean,CIF,latest_vessel_schedule_minus_atd,244118272,HAM-TAN-MED2-TAN-SHA,N,2024-10-31,2024,2024-10,2024-12-31,61,schedule_passed,2024
2026-09-09_ham-sha_merged,2026-09-07,HAM-SHA,HAM,SHA,import,ocean,CIF,latest_vessel_schedule_minus_atd,244118944,HAM-TAN-MED2-TAN-SHA,N,2024-10-31,2024,2024-10,2024-12-31,61,schedule_passed,2025
2026-09-09_ham-sha_merged,2026-09-07,HAM-SHA,HAM,SHA,import,ocean,CIF,latest_vessel_schedule_minus_atd,244119545,HAM-TAN-MED2-YTN-SHA,N,2024-10-31,2024,2024-10,2025-01-16,77,schedule_passed,2025
2026-09-09_ham-sha_merged,2026-09-07,HAM-SHA,HAM,SHA,import,ocean,CIF,latest_vessel_schedule_minus_atd,244118275,HAM-TAN-SHA,N,2024-11-06,2024,2024-11,2024-12-31,55,schedule_passed,2024
2026-09-09_ham-sha_merged,2026-09-07,HAM-SHA,HAM,SHA,import,ocean,CIF,latest_vessel_schedule_minus_atd,244118946,HAM-TAN-SHA,N,2024-11-06,2024,2024-11,2025-01-02,57,schedule_passed,2024
2026-09-09_ham-sha_merged,2026-09-07,HAM-SHA,HAM,SHA,import,ocean,CIF,latest_vessel_schedule_minus_atd,244119541,HAM-TAN-SHA,N,2024-11-18,2024,2024-11,2025-01-07,50,schedule_passed,2025
2026-09-09_ham-sha_merged,2026-09-07,HAM-SHA,HAM,SHA,import,ocean,CIF,latest_vessel_schedule_minus_atd,245671507,HAM-TAN-SHA,N,2024-11-18,2024,2024-11,2025-01-08,51,schedule_passed,2024
2026-09-09_ham-sha_merged,2026-09-07,HAM-SHA,HAM,SHA,import,ocean,CIF,latest_vessel_schedule_minus_atd,245672055,HAM-TAN-SHA,N,2024-11-18,2024,2024-11,2025-01-07,50,schedule_passed,2024
2026-09-09_ham-sha_merged,2026-09-07,HAM-SHA,HAM,SHA,import,ocean,CIF,latest_vessel_schedule_minus_atd,245672954,HAM-TAN-SHA,N,2024-11-18,2024,2024-11,2025-01-08,51,schedule_passed,2025
2026-09-09_ham-sha_merged,2026-09-07,HAM-SHA,HAM,SHA,import,ocean,CIF,latest_vessel_schedule_minus_atd,246448343,HAM-TAN-SHA,N,2024-11-23,2024,2024-11,2025-01-16,54,schedule_passed,2024
2026-09-09_ham-sha_merged,2026-09-07,HAM-SHA,HAM,SHA,import,ocean,CIF,latest_vessel_schedule_minus_atd,246448344,HAM-TAN-SHA,N,2024-11-23,2024,2024-11,2025-01-16,54,schedule_passed,2025
2026-09-09_ham-sha_merged,2026-09-07,HAM-SHA,HAM,SHA,import,ocean,CIF,latest_vessel_schedule_minus_atd,245672045,HAM-TAN-SHA,N,2024-11-26,2024,2024-11,2025-01-21,56,schedule_passed,2024
2026-09-09_ham-sha_merged,2026-09-07,HAM-SHA,HAM,SHA,import,ocean,CIF,latest_vessel_schedule_minus_atd,245672506,HAM-TAN-SHA,N,2024-11-26,2024,2024-11,2025-01-21,56,schedule_passed,2024
2026-09-09_ham-sha_merged,2026-09-07,HAM-SHA,HAM,SHA,import,ocean,CIF,latest_vessel_schedule_minus_atd,245672960,HAM-TAN-SHA,N,2024-11-26,2024,2024-11,2025-01-21,56,schedule_passed,2024
2026-09-09_ham-sha_merged,2026-09-07,HAM-SHA,HAM,SHA,import,ocean,CIF,latest_vessel_schedule_minus_atd,245672046,HAM-TAN-SHA,N,2024-12-07,2024,2024-12,2025-01-27,51,schedule_passed,2024
2026-09-09_ham-sha_merged,2026-09-07,HAM-SHA,HAM,SHA,import,ocean,CIF,latest_vessel_schedule_minus_atd,245672507,HAM-TAN-SHA,N,2024-12-07,2024,2024-12,2025-01-27,51,schedule_passed,2025
2026-09-09_ham-sha_merged,2026-09-07,HAM-SHA,HAM,SHA,import,ocean,CIF,latest_vessel_schedule_minus_atd,245672971,HAM-TAN-SHA,N,2024-12-07,2024,2024-12,2025-01-27,51,schedule_passed,2025
2026-09-09_ham-sha_merged,2026-09-07,HAM-SHA,HAM,SHA,import,ocean,CIF,latest_vessel_schedule_minus_atd,245672044,HAM-TAN-SHA,N,2024-12-14,2024,2024-12,2025-02-09,57,schedule_passed,2024
2026-09-09_ham-sha_merged,2026-09-07,HAM-SHA,HAM,SHA,import,ocean,CIF,latest_vessel_schedule_minus_atd,245672505,HAM-TAN-SHA,N,2024-12-14,2024,2024-12,2025-02-09,57,schedule_passed,2024
2026-09-09_ham-sha_merged,2026-09-07,HAM-SHA,HAM,SHA,import,ocean,CIF,latest_vessel_schedule_minus_atd,245672956,HAM-TAN-SHA,N,2024-12-14,2024,2024-12,2025-02-09,57,schedule_passed,2024
2026-09-09_ham-sha_merged,2026-09-07,HAM-SHA,HAM,SHA,import,ocean,CIF,latest_vessel_schedule_minus_atd,246451647,HAM-TAN-SHA,N,2024-12-18,2024,2024-12,2025-02-11,55,schedule_passed,2025
2026-09-09_ham-sha_merged,2026-09-07,HAM-SHA,HAM,SHA,import,ocean,CIF,latest_vessel_schedule_minus_atd,246449429,HAM-TAN-SHA,N,2024-12-27,2024,2024-12,2025-02-18,53,schedule_passed,2025
2026-09-09_ham-sha_merged,2026-09-07,HAM-SHA,HAM,SHA,import,ocean,CIF,latest_vessel_schedule_minus_atd,246450581,HAM-TAN-SHA,N,2024-12-29,2024,2024-12,2025-02-27,60,schedule_passed,2025
2026-09-09_ham-sha_merged,2026-09-07,HAM-SHA,HAM,SHA,import,ocean,CIF,latest_vessel_schedule_minus_atd,246451654,HAM-TAN-SHA,N,2024-12-31,2024,2024-12,2025-02-18,49,schedule_passed,2025
2026-09-09_ham-sha_merged,2026-09-07,HAM-SHA,HAM,SHA,import,ocean,CIF,latest_vessel_schedule_minus_atd,246449427,HAM-TAN-SHA,N,2025-01-04,2025,2025-01,2025-03-03,58,schedule_passed,2025
2026-09-09_ham-sha_merged,2026-09-07,HAM-SHA,HAM,SHA,import,ocean,CIF,latest_vessel_schedule_minus_atd,246450584,HAM-TAN-SHA,N,2025-01-04,2025,2025-01,2025-03-03,58,schedule_passed,2025
2026-09-09_ham-sha_merged,2026-09-07,HAM-SHA,HAM,SHA,import,ocean,CIF,latest_vessel_schedule_minus_atd,246450587,HAM-TAN-SHA,N,2025-01-04,2025,2025-01,2025-03-03,58,schedule_passed,2025
2026-09-09_ham-sha_merged,2026-09-07,HAM-SHA,HAM,SHA,import,ocean,CIF,latest_vessel_schedule_minus_atd,246450588,HAM-TAN-SHA,N,2025-01-04,2025,2025-01,2025-03-03,58,schedule_passed,2025
2026-09-09_ham-sha_merged,2026-09-07,HAM-SHA,HAM,SHA,import,ocean,CIF,latest_vessel_schedule_minus_atd,246451655,HAM-TAN-SHA,N,2025-01-04,2025,2025-01,2025-03-03,58,schedule_passed,2025
2026-09-09_ham-sha_merged,2026-09-07,HAM-SHA,HAM,SHA,import,ocean,CIF,latest_vessel_schedule_minus_atd,247891227,HAM-TAN-SHA,N,2025-01-19,2025,2025-01,2025-03-13,53,schedule_passed,2025
2026-09-09_ham-sha_merged,2026-09-07,HAM-SHA,HAM,SHA,import,ocean,CIF,latest_vessel_schedule_minus_atd,247895526,HAM-TAN-SHA,N,2025-01-19,2025,2025-01,2025-03-13,53,schedule_passed,2025
2026-09-09_ham-sha_merged,2026-09-07,HAM-SHA,HAM,SHA,import,ocean,CIF,latest_vessel_schedule_minus_atd,247888852,HAM-TAN-SHA,N,2025-01-23,2025,2025-01,2025-03-26,62,schedule_passed,2025
2026-09-09_ham-sha_merged,2026-09-07,HAM-SHA,HAM,SHA,import,ocean,CIF,latest_vessel_schedule_minus_atd,247891224,HAM-TAN-SHA,N,2025-01-23,2025,2025-01,2025-03-26,62,schedule_passed,2025
2026-09-09_ham-sha_merged,2026-09-07,HAM-SHA,HAM,SHA,import,ocean,CIF,latest_vessel_schedule_minus_atd,247895307,HAM-TAN-SHA,N,2025-01-23,2025,2025-01,2025-03-26,62,schedule_passed,2025
2026-09-09_ham-sha_merged,2026-09-07,HAM-SHA,HAM,SHA,import,ocean,CIF,latest_vessel_schedule_minus_atd,247888853,HAM-ANT-SIN-SHA,N,2025-02-01,2025,2025-02,2025-04-14,72,schedule_passed,2025
2026-09-09_ham-sha_merged,2026-09-07,HAM-SHA,HAM,SHA,import,ocean,CIF,latest_vessel_schedule_minus_atd,247888866,HAM-ANT-SIN-SHA,N,2025-02-01,2025,2025-02,2025-04-18,76,schedule_passed,2025
2026-09-09_ham-sha_merged,2026-09-07,HAM-SHA,HAM,SHA,import,ocean,CIF,latest_vessel_schedule_minus_atd,247891221,HAM-ANT-SIN-SHA,N,2025-02-01,2025,2025-02,2025-04-18,76,schedule_passed,2025
2026-09-09_ham-sha_merged,2026-09-07,HAM-SHA,HAM,SHA,import,ocean,CIF,latest_vessel_schedule_minus_atd,247895303,HAM-ANT-SIN-SHA,N,2025-02-01,2025,2025-02,2025-04-18,76,schedule_passed,2025
2026-09-09_ham-sha_merged,2026-09-07,HAM-SHA,HAM,SHA,import,ocean,CIF,latest_vessel_schedule_minus_atd,247889987,HAM-TAN-SHA,N,2025-02-06,2025,2025-02,2025-04-07,60,schedule_passed,2025
2026-09-09_ham-sha_merged,2026-09-07,HAM-SHA,HAM,SHA,import,ocean,CIF,latest_vessel_schedule_minus_atd,247891220,HAM-TAN-SHA,N,2025-02-06,2025,2025-02,2025-04-07,60,schedule_passed,2025
2026-09-09_ham-sha_merged,2026-09-07,HAM-SHA,HAM,SHA,import,ocean,CIF,latest_vessel_schedule_minus_atd,247895304,HAM-TAN-SHA,N,2025-02-06,2025,2025-02,2025-03-26,48,schedule_passed,2025
2026-09-09_ham-sha_merged,2026-09-07,HAM-SHA,HAM,SHA,import,ocean,CIF,latest_vessel_schedule_minus_atd,248684755,HAM-TAN-SHA,N,2025-02-14,2025,2025-02,2025-04-14,59,schedule_passed,2025
2026-09-09_ham-sha_merged,2026-09-07,HAM-SHA,HAM,SHA,import,ocean,CIF,latest_vessel_schedule_minus_atd,248684758,HAM-TAN-SHA,N,2025-02-14,2025,2025-02,2025-04-14,59,schedule_passed,2025
2026-09-09_ham-sha_merged,2026-09-07,HAM-SHA,HAM,SHA,import,ocean,CIF,latest_vessel_schedule_minus_atd,248684761,HAM-TAN-SHA,N,2025-02-14,2025,2025-02,2025-04-14,59,schedule_passed,2025
2026-09-09_ham-sha_merged,2026-09-07,HAM-SHA,HAM,SHA,import,ocean,CIF,latest_vessel_schedule_minus_atd,248684754,HAM-TAN-SHA,N,2025-02-17,2025,2025-02,2025-04-14,56,schedule_passed,2025
2026-09-09_ham-sha_merged,2026-09-07,HAM-SHA,HAM,SHA,import,ocean,CIF,latest_vessel_schedule_minus_atd,248684759,HAM-TAN-SHA,N,2025-02-17,2025,2025-02,2025-04-14,56,schedule_passed,2025
2026-09-09_ham-sha_merged,2026-09-07,HAM-SHA,HAM,SHA,import,ocean,CIF,latest_vessel_schedule_minus_atd,248685323,HAM-TAN-SHA,N,2025-02-17,2025,2025-02,2025-04-14,56,schedule_passed,2025
2026-09-09_ham-sha_merged,2026-09-07,HAM-SHA,HAM,SHA,import,ocean,CIF,latest_vessel_schedule_minus_atd,249600718,HAM-TAN-SHA,N,2025-02-24,2025,2025-02,2025-04-22,57,schedule_passed,2025
2026-09-09_ham-sha_merged,2026-09-07,HAM-SHA,HAM,SHA,import,ocean,CIF,latest_vessel_schedule_minus_atd,249602089,HAM-TAN-SHA,N,2025-02-24,2025,2025-02,2025-04-22,57,schedule_passed,2025
2026-09-09_ham-sha_merged,2026-09-07,HAM-SHA,HAM,SHA,import,ocean,CIF,latest_vessel_schedule_minus_atd,250404566,HAM-TAN-SHA,N,2025-03-03,2025,2025-03,2025-04-26,54,schedule_passed,2025
2026-09-09_ham-sha_merged,2026-09-07,HAM-SHA,HAM,SHA,import,ocean,CIF,latest_vessel_schedule_minus_atd,250405875,HAM-TAN-SHA,N,2025-03-03,2025,2025-03,2025-04-26,54,schedule_passed,2025
2026-09-09_ham-sha_merged,2026-09-07,HAM-SHA,HAM,SHA,import,ocean,CIF,latest_vessel_schedule_minus_atd,250405877,HAM-TAN-SHA,N,2025-03-03,2025,2025-03,2025-04-26,54,schedule_passed,2025
2026-09-09_ham-sha_merged,2026-09-07,HAM-SHA,HAM,SHA,import,ocean,CIF,latest_vessel_schedule_minus_atd,249603486,HAM-TAN-SHA,N,2025-03-04,2025,2025-03,2025-04-26,53,schedule_passed,2025
2026-09-09_ham-sha_merged,2026-09-07,HAM-SHA,HAM,SHA,import,ocean,CIF,latest_vessel_schedule_minus_atd,249600717,HAM-TAN-SHA,N,2025-03-08,2025,2025-03,2025-05-01,54,schedule_passed,2025
2026-09-09_ham-sha_merged,2026-09-07,HAM-SHA,HAM,SHA,import,ocean,CIF,latest_vessel_schedule_minus_atd,249602786,HAM-TAN-SHA,N,2025-03-08,2025,2025-03,2025-05-01,54,schedule_passed,2025
2026-09-09_ham-sha_merged,2026-09-07,HAM-SHA,HAM,SHA,import,ocean,CIF,latest_vessel_schedule_minus_atd,249603482,HAM-TAN-SHA,N,2025-03-08,2025,2025-03,2025-05-01,54,schedule_passed,2025
2026-09-09_ham-sha_merged,2026-09-07,HAM-SHA,HAM,SHA,import,ocean,CIF,latest_vessel_schedule_minus_atd,249601410,HAM-TAN-SHA,N,2025-03-17,2025,2025-03,2025-05-10,54,schedule_passed,2025
2026-09-09_ham-sha_merged,2026-09-07,HAM-SHA,HAM,SHA,import,ocean,CIF,latest_vessel_schedule_minus_atd,249602785,HAM-TAN-SHA,N,2025-03-17,2025,2025-03,2025-05-10,54,schedule_passed,2025
2026-09-09_ham-sha_merged,2026-09-07,HAM-SHA,HAM,SHA,import,ocean,CIF,latest_vessel_schedule_minus_atd,249603488,HAM-TAN-SHA,N,2025-03-17,2025,2025-03,2025-05-10,54,schedule_passed,2025
2026-09-09_ham-sha_merged,2026-09-07,HAM-SHA,HAM,SHA,import,ocean,CIF,latest_vessel_schedule_minus_atd,252159606,HAM-TAN-SHA,N,2025-03-17,2025,2025-03,2025-05-28,72,schedule_passed,2025
2026-09-09_ham-sha_merged,2026-09-07,HAM-SHA,HAM,SHA,import,ocean,CIF,latest_vessel_schedule_minus_atd,250353595,HAM-SIN-SHA,N,2025-03-31,2025,2025-03,2025-05-20,50,schedule_passed,2025
2026-09-09_ham-sha_merged,2026-09-07,HAM-SHA,HAM,SHA,import,ocean,CIF,latest_vessel_schedule_minus_atd,250355466,HAM-SIN-SHA,N,2025-03-31,2025,2025-03,2025-05-20,50,schedule_passed,2025
2026-09-09_ham-sha_merged,2026-09-07,HAM-SHA,HAM,SHA,import,ocean,CIF,latest_vessel_schedule_minus_atd,250355471,HAM-SIN-SHA,N,2025-03-31,2025,2025-03,2025-06-22,83,schedule_passed,2025
2026-09-09_ham-sha_merged,2026-09-07,HAM-SHA,HAM,SHA,import,ocean,CIF,latest_vessel_schedule_minus_atd,250356360,HAM-NGB-SHA,N,2025-03-31,2025,2025-03,2025-05-24,54,schedule_passed,2025
2026-09-09_ham-sha_merged,2026-09-07,HAM-SHA,HAM,SHA,import,ocean,CIF,latest_vessel_schedule_minus_atd,250354515,HAM-SHA,Y,2025-04-06,2025,2025-04,2025-05-21,45,schedule_passed,2025
2026-09-09_ham-sha_merged,2026-09-07,HAM-SHA,HAM,SHA,import,ocean,CIF,latest_vessel_schedule_minus_atd,250354518,HAM-SHA,Y,2025-04-06,2025,2025-04,2025-05-21,45,schedule_passed,2025
2026-09-09_ham-sha_merged,2026-09-07,HAM-SHA,HAM,SHA,import,ocean,CIF,latest_vessel_schedule_minus_atd,250355478,HAM-SHA,Y,2025-04-06,2025,2025-04,2025-05-21,45,schedule_passed,2025
2026-09-09_ham-sha_merged,2026-09-07,HAM-SHA,HAM,SHA,import,ocean,CIF,latest_vessel_schedule_minus_atd,250354520,HAM-SHA,Y,2025-04-19,2025,2025-04,2025-06-06,48,schedule_passed,2025
2026-09-09_ham-sha_merged,2026-09-07,HAM-SHA,HAM,SHA,import,ocean,CIF,latest_vessel_schedule_minus_atd,250356220,HAM-SHA,Y,2025-04-19,2025,2025-04,2025-05-28,39,schedule_passed,2025
2026-09-09_ham-sha_merged,2026-09-07,HAM-SHA,HAM,SHA,import,ocean,CIF,latest_vessel_schedule_minus_atd,250365470,HAM-SHA,Y,2025-04-19,2025,2025-04,2025-06-06,48,schedule_passed,2025
2026-09-09_ham-sha_merged,2026-09-07,HAM-SHA,HAM,SHA,import,ocean,CIF,latest_vessel_schedule_minus_atd,251614944,HAM-SHA,Y,2025-04-19,2025,2025-04,2025-06-06,48,schedule_passed,2025
2026-09-09_ham-sha_merged,2026-09-07,HAM-SHA,HAM,SHA,import,ocean,CIF,latest_vessel_schedule_minus_atd,251615841,HAM-SHA,Y,2025-04-19,2025,2025-04,2025-06-06,48,schedule_passed,2025
2026-09-09_ham-sha_merged,2026-09-07,HAM-SHA,HAM,SHA,import,ocean,CIF,latest_vessel_schedule_minus_atd,252232944,HAM-SHA,Y,2025-04-19,2025,2025-04,2025-05-28,39,schedule_passed,2025
2026-09-09_ham-sha_merged,2026-09-07,HAM-SHA,HAM,SHA,import,ocean,CIF,latest_vessel_schedule_minus_atd,252509676,HAM-SHA,Y,2025-04-19,2025,2025-04,2025-06-06,48,schedule_passed,2025
2026-09-09_ham-sha_merged,2026-09-07,HAM-SHA,HAM,SHA,import,ocean,CIF,latest_vessel_schedule_minus_atd,251612866,HAM-TPP-SHA,N,2025-04-25,2025,2025-04,2025-06-23,59,schedule_passed,2025
2026-09-09_ham-sha_merged,2026-09-07,HAM-SHA,HAM,SHA,import,ocean,CIF,latest_vessel_schedule_minus_atd,251612875,HAM-SHA,Y,2025-05-04,2025,2025-05,2025-06-19,46,schedule_passed,2025
2026-09-09_ham-sha_merged,2026-09-07,HAM-SHA,HAM,SHA,import,ocean,CIF,latest_vessel_schedule_minus_atd,251613866,HAM-SHA,Y,2025-05-04,2025,2025-05,2025-06-19,46,schedule_passed,2025
2026-09-09_ham-sha_merged,2026-09-07,HAM-SHA,HAM,SHA,import,ocean,CIF,latest_vessel_schedule_minus_atd,251614936,HAM-SHA,Y,2025-05-04,2025,2025-05,2025-06-19,46,schedule_passed,2025
2026-09-09_ham-sha_merged,2026-09-07,HAM-SHA,HAM,SHA,import,ocean,CIF,latest_vessel_schedule_minus_atd,251615944,HAM-SHA,Y,2025-05-04,2025,2025-05,2025-06-19,46,schedule_passed,2025
2026-09-09_ham-sha_merged,2026-09-07,HAM-SHA,HAM,SHA,import,ocean,CIF,latest_vessel_schedule_minus_atd,251616906,HAM-SHA,Y,2025-05-04,2025,2025-05,2025-06-19,46,schedule_passed,2025
2026-09-09_ham-sha_merged,2026-09-07,HAM-SHA,HAM,SHA,import,ocean,CIF,latest_vessel_schedule_minus_atd,252809653,HAM-SHA,Y,2025-05-04,2025,2025-05,2025-06-19,46,schedule_passed,2025
2026-09-09_ham-sha_merged,2026-09-07,HAM-SHA,HAM,SHA,import,ocean,CIF,latest_vessel_schedule_minus_atd,251613865,HAM-SHA,Y,2025-05-12,2025,2025-05,2025-07-06,55,schedule_passed,2025
2026-09-09_ham-sha_merged,2026-09-07,HAM-SHA,HAM,SHA,import,ocean,CIF,latest_vessel_schedule_minus_atd,251613871,HAM-SHA,Y,2025-05-12,2025,2025-05,2025-07-04,53,schedule_passed,2025
2026-09-09_ham-sha_merged,2026-09-07,HAM-SHA,HAM,SHA,import,ocean,CIF,latest_vessel_schedule_minus_atd,251614941,HAM-SHA,Y,2025-05-12,2025,2025-05,2025-07-04,53,schedule_passed,2025
2026-09-09_ham-sha_merged,2026-09-07,HAM-SHA,HAM,SHA,import,ocean,CIF,latest_vessel_schedule_minus_atd,251614947,HAM-SHA,Y,2025-05-12,2025,2025-05,2025-07-05,54,schedule_passed,2025
2026-09-09_ham-sha_merged,2026-09-07,HAM-SHA,HAM,SHA,import,ocean,CIF,latest_vessel_schedule_minus_atd,251615059,HAM-SHA,Y,2025-05-12,2025,2025-05,2025-07-05,54,schedule_passed,2025
2026-09-09_ham-sha_merged,2026-09-07,HAM-SHA,HAM,SHA,import,ocean,CIF,latest_vessel_schedule_minus_atd,253353301,HAM-TPP-SHA,N,2025-05-23,2025,2025-05,2025-07-12,50,schedule_passed,2025
2026-09-09_ham-sha_merged,2026-09-07,HAM-SHA,HAM,SHA,import,ocean,CIF,latest_vessel_schedule_minus_atd,253354255,HAM-TPP-SHA,N,2025-05-23,2025,2025-05,2025-07-12,50,schedule_passed,2025
2026-09-09_ham-sha_merged,2026-09-07,HAM-SHA,HAM,SHA,import,ocean,CIF,latest_vessel_schedule_minus_atd,253355634,HAM-TPP-SHA,N,2025-05-23,2025,2025-05,2025-07-12,50,schedule_passed,2025
2026-09-09_ham-sha_merged,2026-09-07,HAM-SHA,HAM,SHA,import,ocean,CIF,latest_vessel_schedule_minus_atd,253353304,HAM-SHA,Y,2025-06-01,2025,2025-06,2025-07-17,46,schedule_passed,2025
2026-09-09_ham-sha_merged,2026-09-07,HAM-SHA,HAM,SHA,import,ocean,CIF,latest_vessel_schedule_minus_atd,253355626,HAM-SHA,Y,2025-06-01,2025,2025-06,2025-07-17,46,schedule_passed,2025
2026-09-09_ham-sha_merged,2026-09-07,HAM-SHA,HAM,SHA,import,ocean,CIF,latest_vessel_schedule_minus_atd,253353303,HAM-SHA,Y,2025-06-07,2025,2025-06,2025-07-24,47,schedule_passed,2025
2026-09-09_ham-sha_merged,2026-09-07,HAM-SHA,HAM,SHA,import,ocean,CIF,latest_vessel_schedule_minus_atd,253355630,HAM-SHA,Y,2025-06-07,2025,2025-06,2025-07-24,47,schedule_passed,2025
2026-09-09_ham-sha_merged,2026-09-07,HAM-SHA,HAM,SHA,import,ocean,CIF,latest_vessel_schedule_minus_atd,253354243,HAM-SHA,Y,2025-06-16,2025,2025-06,2025-08-02,47,schedule_passed,2025
2026-09-09_ham-sha_merged,2026-09-07,HAM-SHA,HAM,SHA,import,ocean,CIF,latest_vessel_schedule_minus_atd,253355633,HAM-SHA,Y,2025-06-16,2025,2025-06,2025-08-02,47,schedule_passed,2025
2026-09-09_ham-sha_merged,2026-09-07,HAM-SHA,HAM,SHA,import,ocean,CIF,latest_vessel_schedule_minus_atd,253355639,HAM-SHA,Y,2025-06-16,2025,2025-06,2025-08-02,47,schedule_passed,2025
2026-09-09_ham-sha_merged,2026-09-07,HAM-SHA,HAM,SHA,import,ocean,CIF,latest_vessel_schedule_minus_atd,253355641,HAM-SHA,Y,2025-06-16,2025,2025-06,2025-08-02,47,schedule_passed,2025
2026-09-09_ham-sha_merged,2026-09-07,HAM-SHA,HAM,SHA,import,ocean,CIF,latest_vessel_schedule_minus_atd,254758345,HAM-SHA,Y,2025-06-22,2025,2025-06,2025-08-10,49,schedule_passed,2025
2026-09-09_ham-sha_merged,2026-09-07,HAM-SHA,HAM,SHA,import,ocean,CIF,latest_vessel_schedule_minus_atd,254758350,HAM-SHA,Y,2025-06-22,2025,2025-06,2025-08-10,49,schedule_passed,2025
2026-09-09_ham-sha_merged,2026-09-07,HAM-SHA,HAM,SHA,import,ocean,CIF,latest_vessel_schedule_minus_atd,254758351,HAM-SHA,Y,2025-06-22,2025,2025-06,2025-08-10,49,schedule_passed,2025
2026-09-09_ham-sha_merged,2026-09-07,HAM-SHA,HAM,SHA,import,ocean,CIF,latest_vessel_schedule_minus_atd,254758346,HAM-SHA,Y,2025-06-29,2025,2025-06,2025-08-15,47,schedule_passed,2025
2026-09-09_ham-sha_merged,2026-09-07,HAM-SHA,HAM,SHA,import,ocean,CIF,latest_vessel_schedule_minus_atd,254758348,HAM-SHA,Y,2025-06-29,2025,2025-06,2025-08-15,47,schedule_passed,2025
2026-09-09_ham-sha_merged,2026-09-07,HAM-SHA,HAM,SHA,import,ocean,CIF,latest_vessel_schedule_minus_atd,254758349,HAM-SHA,Y,2025-06-29,2025,2025-06,2025-08-15,47,schedule_passed,2025
2026-09-09_ham-sha_merged,2026-09-07,HAM-SHA,HAM,SHA,import,ocean,CIF,latest_vessel_schedule_minus_atd,254758353,HAM-SHA,Y,2025-06-29,2025,2025-06,2025-08-15,47,schedule_passed,2025
2026-09-09_ham-sha_merged,2026-09-07,HAM-SHA,HAM,SHA,import,ocean,CIF,latest_vessel_schedule_minus_atd,255123821,HAM-SIN-SHA,N,2025-07-06,2025,2025-07,2025-09-07,63,schedule_passed,2025
2026-09-09_ham-sha_merged,2026-09-07,HAM-SHA,HAM,SHA,import,ocean,CIF,latest_vessel_schedule_minus_atd,255123828,HAM-SIN-SHA,N,2025-07-06,2025,2025-07,2025-09-07,63,schedule_passed,2025
2026-09-09_ham-sha_merged,2026-09-07,HAM-SHA,HAM,SHA,import,ocean,CIF,latest_vessel_schedule_minus_atd,255124651,HAM-NGB-SHA,N,2025-07-06,2025,2025-07,2025-08-31,56,schedule_passed,2025
2026-09-09_ham-sha_merged,2026-09-07,HAM-SHA,HAM,SHA,import,ocean,CIF,latest_vessel_schedule_minus_atd,255123835,HAM-SHA,Y,2025-07-13,2025,2025-07,2025-08-30,48,schedule_passed,2025
2026-09-09_ham-sha_merged,2026-09-07,HAM-SHA,HAM,SHA,import,ocean,CIF,latest_vessel_schedule_minus_atd,255124655,HAM-SHA,Y,2025-07-13,2025,2025-07,2025-08-31,49,schedule_passed,2025
2026-09-09_ham-sha_merged,2026-09-07,HAM-SHA,HAM,SHA,import,ocean,CIF,latest_vessel_schedule_minus_atd,255123820,HAM-SHA,Y,2025-07-20,2025,2025-07,2025-09-06,48,schedule_passed,2025
2026-09-09_ham-sha_merged,2026-09-07,HAM-SHA,HAM,SHA,import,ocean,CIF,latest_vessel_schedule_minus_atd,255124653,HAM-SHA,Y,2025-07-20,2025,2025-07,2025-09-07,49,schedule_passed,2025
2026-09-09_ham-sha_merged,2026-09-07,HAM-SHA,HAM,SHA,import,ocean,CIF,latest_vessel_schedule_minus_atd,255123832,HAM-SHA,Y,2025-07-28,2025,2025-07,2025-09-11,45,schedule_passed,2025
2026-09-09_ham-sha_merged,2026-09-07,HAM-SHA,HAM,SHA,import,ocean,CIF,latest_vessel_schedule_minus_atd,255123836,HAM-SHA,Y,2025-07-28,2025,2025-07,2025-09-11,45,schedule_passed,2025
2026-09-09_ham-sha_merged,2026-09-07,HAM-SHA,HAM,SHA,import,ocean,CIF,latest_vessel_schedule_minus_atd,255124656,HAM-SHA,Y,2025-07-28,2025,2025-07,2025-09-11,45,schedule_passed,2025
2026-09-09_ham-sha_merged,2026-09-07,HAM-SHA,HAM,SHA,import,ocean,CIF,latest_vessel_schedule_minus_atd,257016593,HAM-SHA,Y,2025-08-04,2025,2025-08,2025-09-19,46,schedule_passed,2025
2026-09-09_ham-sha_merged,2026-09-07,HAM-SHA,HAM,SHA,import,ocean,CIF,latest_vessel_schedule_minus_atd,257029029,HAM-TPP-SHA,N,2025-08-09,2025,2025-08,2025-09-29,51,schedule_passed,2025
2026-09-09_ham-sha_merged,2026-09-07,HAM-SHA,HAM,SHA,import,ocean,CIF,latest_vessel_schedule_minus_atd,257216550,HAM-TPP-SHA,N,2025-08-09,2025,2025-08,2025-09-29,51,schedule_passed,2025
2026-09-09_ham-sha_merged,2026-09-07,HAM-SHA,HAM,SHA,import,ocean,CIF,latest_vessel_schedule_minus_atd,255123833,HAM-SHA,Y,2025-08-11,2025,2025-08,2025-09-26,46,schedule_passed,2025
2026-09-09_ham-sha_merged,2026-09-07,HAM-SHA,HAM,SHA,import,ocean,CIF,latest_vessel_schedule_minus_atd,256576911,HAM-SHA,Y,2025-08-11,2025,2025-08,2025-09-26,46,schedule_passed,2025
2026-09-09_ham-sha_merged,2026-09-07,HAM-SHA,HAM,SHA,import,ocean,CIF,latest_vessel_schedule_minus_atd,257317063,HAM-TAN-SHA,N,2025-08-13,2025,2025-08,2025-10-03,51,schedule_passed,2025
2026-09-09_ham-sha_merged,2026-09-07,HAM-SHA,HAM,SHA,import,ocean,CIF,latest_vessel_schedule_minus_atd,256576918,HAM-SHA,Y,2025-08-18,2025,2025-08,2025-10-03,46,schedule_passed,2025
2026-09-09_ham-sha_merged,2026-09-07,HAM-SHA,HAM,SHA,import,ocean,CIF,latest_vessel_schedule_minus_atd,258050626,HAM-SHA,Y,2025-08-18,2025,2025-08,2025-10-03,46,schedule_passed,2025
2026-09-09_ham-sha_merged,2026-09-07,HAM-SHA,HAM,SHA,import,ocean,CIF,latest_vessel_schedule_minus_atd,255123829,HAM-TPP-SHA,N,2025-08-21,2025,2025-08,2025-10-05,45,schedule_passed,2025
2026-09-09_ham-sha_merged,2026-09-07,HAM-SHA,HAM,SHA,import,ocean,CIF,latest_vessel_schedule_minus_atd,256572638,HAM-TPP-SHA,N,2025-08-21,2025,2025-08,2025-10-17,57,schedule_passed,2025
2026-09-09_ham-sha_merged,2026-09-07,HAM-SHA,HAM,SHA,import,ocean,CIF,latest_vessel_schedule_minus_atd,256575600,HAM-TPP-SHA,N,2025-08-21,2025,2025-08,2025-10-17,57,schedule_passed,2025
2026-09-09_ham-sha_merged,2026-09-07,HAM-SHA,HAM,SHA,import,ocean,CIF,latest_vessel_schedule_minus_atd,257611170,HAM-TAN-SHA,N,2025-08-21,2025,2025-08,2025-10-16,56,schedule_passed,2025
2026-09-09_ham-sha_merged,2026-09-07,HAM-SHA,HAM,SHA,import,ocean,CIF,latest_vessel_schedule_minus_atd,255124650,HAM-SHA,Y,2025-08-24,2025,2025-08,2025-10-16,53,schedule_passed,2025
2026-09-09_ham-sha_merged,2026-09-07,HAM-SHA,HAM,SHA,import,ocean,CIF,latest_vessel_schedule_minus_atd,256574142,HAM-SHA,Y,2025-08-24,2025,2025-08,2025-10-16,53,schedule_passed,2025
2026-09-09_ham-sha_merged,2026-09-07,HAM-SHA,HAM,SHA,import,ocean,CIF,latest_vessel_schedule_minus_atd,256575598,HAM-SHA,Y,2025-08-24,2025,2025-08,2025-10-16,53,schedule_passed,2025
2026-09-09_ham-sha_merged,2026-09-07,HAM-SHA,HAM,SHA,import,ocean,CIF,latest_vessel_schedule_minus_atd,256575604,HAM-SHA,Y,2025-08-24,2025,2025-08,2025-10-16,53,schedule_passed,2025
2026-09-09_ham-sha_merged,2026-09-07,HAM-SHA,HAM,SHA,import,ocean,CIF,latest_vessel_schedule_minus_atd,256576915,HAM-SHA,Y,2025-08-24,2025,2025-08,2025-10-16,53,schedule_passed,2025
2026-09-09_ham-sha_merged,2026-09-07,HAM-SHA,HAM,SHA,import,ocean,CIF,latest_vessel_schedule_minus_atd,258242681,HAM-SHA,Y,2025-08-24,2025,2025-08,2025-10-16,53,schedule_passed,2025
2026-09-09_ham-sha_merged,2026-09-07,HAM-SHA,HAM,SHA,import,ocean,CIF,latest_vessel_schedule_minus_atd,256574130,HAM-TPP-SHA,N,2025-08-29,2025,2025-08,2025-11-02,65,schedule_passed,2025
2026-09-09_ham-sha_merged,2026-09-07,HAM-SHA,HAM,SHA,import,ocean,CIF,latest_vessel_schedule_minus_atd,256575602,HAM-SHA,Y,2025-08-31,2025,2025-08,2025-10-25,55,schedule_passed,2025
2026-09-09_ham-sha_merged,2026-09-07,HAM-SHA,HAM,SHA,import,ocean,CIF,latest_vessel_schedule_minus_atd,256576920,HAM-SHA,Y,2025-08-31,2025,2025-08,2025-10-25,55,schedule_passed,2025
2026-09-09_ham-sha_merged,2026-09-07,HAM-SHA,HAM,SHA,import,ocean,CIF,latest_vessel_schedule_minus_atd,258526998,HAM-SHA,Y,2025-08-31,2025,2025-08,2025-10-25,55,schedule_passed,2025
2026-09-09_ham-sha_merged,2026-09-07,HAM-SHA,HAM,SHA,import,ocean,CIF,latest_vessel_schedule_minus_atd,256574136,HAM-SHA,Y,2025-09-06,2025,2025-09,2025-10-30,54,schedule_passed,2025
2026-09-09_ham-sha_merged,2026-09-07,HAM-SHA,HAM,SHA,import,ocean,CIF,latest_vessel_schedule_minus_atd,256574139,HAM-SHA,Y,2025-09-06,2025,2025-09,2025-10-30,54,schedule_passed,2025
2026-09-09_ham-sha_merged,2026-09-07,HAM-SHA,HAM,SHA,import,ocean,CIF,latest_vessel_schedule_minus_atd,256575605,HAM-SHA,Y,2025-09-06,2025,2025-09,2025-10-30,54,schedule_passed,2025
2026-09-09_ham-sha_merged,2026-09-07,HAM-SHA,HAM,SHA,import,ocean,CIF,latest_vessel_schedule_minus_atd,256576922,HAM-SHA,Y,2025-09-08,2025,2025-09,2025-10-30,52,schedule_passed,2025
2026-09-09_ham-sha_merged,2026-09-07,HAM-SHA,HAM,SHA,import,ocean,CIF,latest_vessel_schedule_minus_atd,258528527,HAM-SHA,Y,2025-09-09,2025,2025-09,2025-10-30,51,schedule_passed,2025
2026-09-09_ham-sha_merged,2026-09-07,HAM-SHA,HAM,SHA,import,ocean,CIF,latest_vessel_schedule_minus_atd,257882290,HAM-SHA,Y,2025-09-14,2025,2025-09,2025-11-07,54,schedule_passed,2025
2026-09-09_ham-sha_merged,2026-09-07,HAM-SHA,HAM,SHA,import,ocean,CIF,latest_vessel_schedule_minus_atd,257882983,HAM-SHA,Y,2025-09-14,2025,2025-09,2025-11-07,54,schedule_passed,2025
2026-09-09_ham-sha_merged,2026-09-07,HAM-SHA,HAM,SHA,import,ocean,CIF,latest_vessel_schedule_minus_atd,257882986,HAM-SHA,Y,2025-09-14,2025,2025-09,2025-11-07,54,schedule_passed,2025
2026-09-09_ham-sha_merged,2026-09-07,HAM-SHA,HAM,SHA,import,ocean,CIF,latest_vessel_schedule_minus_atd,257882291,HAM-FEB-SHA,N,2025-09-26,2025,2025-09,2025-11-19,54,schedule_passed,2025
2026-09-09_ham-sha_merged,2026-09-07,HAM-SHA,HAM,SHA,import,ocean,CIF,latest_vessel_schedule_minus_atd,257882992,HAM-SHA,Y,2025-09-26,2025,2025-09,2025-11-15,50,schedule_passed,2025
2026-09-09_ham-sha_merged,2026-09-07,HAM-SHA,HAM,SHA,import,ocean,CIF,latest_vessel_schedule_minus_atd,257883790,HAM-SHA,Y,2025-09-26,2025,2025-09,2025-11-15,50,schedule_passed,2025
2026-09-09_ham-sha_merged,2026-09-07,HAM-SHA,HAM,SHA,import,ocean,CIF,latest_vessel_schedule_minus_atd,259152563,HAM-SHA,Y,2025-09-26,2025,2025-09,2025-11-13,48,schedule_passed,2025
2026-09-09_ham-sha_merged,2026-09-07,HAM-SHA,HAM,SHA,import,ocean,CIF,latest_vessel_schedule_minus_atd,257882289,HAM-SHA,Y,2025-09-30,2025,2025-09,2025-11-21,52,schedule_passed,2025
2026-09-09_ham-sha_merged,2026-09-07,HAM-SHA,HAM,SHA,import,ocean,CIF,latest_vessel_schedule_minus_atd,257882984,HAM-SHA,Y,2025-09-30,2025,2025-09,2025-11-21,52,schedule_passed,2025
2026-09-09_ham-sha_merged,2026-09-07,HAM-SHA,HAM,SHA,import,ocean,CIF,latest_vessel_schedule_minus_atd,257883796,HAM-SHA,Y,2025-09-30,2025,2025-09,2025-11-21,52,schedule_passed,2025
2026-09-09_ham-sha_merged,2026-09-07,HAM-SHA,HAM,SHA,import,ocean,CIF,latest_vessel_schedule_minus_atd,259365974,HAM-SHA,Y,2025-10-10,2025,2025-10,2025-11-28,49,schedule_passed,2025
2026-09-09_ham-sha_merged,2026-09-07,HAM-SHA,HAM,SHA,import,ocean,CIF,latest_vessel_schedule_minus_atd,259368033,HAM-SHA,Y,2025-10-10,2025,2025-10,2025-11-28,49,schedule_passed,2025
2026-09-09_ham-sha_merged,2026-09-07,HAM-SHA,HAM,SHA,import,ocean,CIF,latest_vessel_schedule_minus_atd,259370485,HAM-SHA,Y,2025-10-10,2025,2025-10,2025-11-28,49,schedule_passed,2025
2026-09-09_ham-sha_merged,2026-09-07,HAM-SHA,HAM,SHA,import,ocean,CIF,latest_vessel_schedule_minus_atd,259311737,HAM-SHA,Y,2025-10-17,2025,2025-10,2025-12-04,48,schedule_passed,2025
2026-09-09_ham-sha_merged,2026-09-07,HAM-SHA,HAM,SHA,import,ocean,CIF,latest_vessel_schedule_minus_atd,259371804,HAM-TPP-SHA,N,2025-10-17,2025,2025-10,2025-12-05,49,schedule_passed,2025
2026-09-09_ham-sha_merged,2026-09-07,HAM-SHA,HAM,SHA,import,ocean,CIF,latest_vessel_schedule_minus_atd,259367196,HAM-SIN-SHA,N,2025-10-20,2025,2025-10,2025-12-07,48,schedule_passed,2025
2026-09-09_ham-sha_merged,2026-09-07,HAM-SHA,HAM,SHA,import,ocean,CIF,latest_vessel_schedule_minus_atd,259369197,HAM-SIN-SHA,N,2025-10-20,2025,2025-10,2025-12-07,48,schedule_passed,2025
2026-09-09_ham-sha_merged,2026-09-07,HAM-SHA,HAM,SHA,import,ocean,CIF,latest_vessel_schedule_minus_atd,259367194,HAM-SHA,Y,2025-10-27,2025,2025-10,2025-12-11,45,schedule_passed,2025
2026-09-09_ham-sha_merged,2026-09-07,HAM-SHA,HAM,SHA,import,ocean,CIF,latest_vessel_schedule_minus_atd,259369196,HAM-SHA,Y,2025-10-27,2025,2025-10,2025-12-11,45,schedule_passed,2025
2026-09-09_ham-sha_merged,2026-09-07,HAM-SHA,HAM,SHA,import,ocean,CIF,latest_vessel_schedule_minus_atd,259371806,HAM-SHA,Y,2025-10-27,2025,2025-10,2025-12-11,45,schedule_passed,2025
2026-09-09_ham-sha_merged,2026-09-07,HAM-SHA,HAM,SHA,import,ocean,CIF,latest_vessel_schedule_minus_atd,260062231,HAM-SHA,Y,2025-10-27,2025,2025-10,2025-12-12,46,schedule_passed,2025
2026-09-09_ham-sha_merged,2026-09-07,HAM-SHA,HAM,SHA,import,ocean,CIF,latest_vessel_schedule_minus_atd,259369216,HAM-SHA,Y,2025-11-03,2025,2025-11,2025-12-18,45,schedule_passed,2025
2026-09-09_ham-sha_merged,2026-09-07,HAM-SHA,HAM,SHA,import,ocean,CIF,latest_vessel_schedule_minus_atd,260703549,HAM-SHA,Y,2025-11-03,2025,2025-11,2025-12-18,45,schedule_passed,2025
2026-09-09_ham-sha_merged,2026-09-07,HAM-SHA,HAM,SHA,import,ocean,CIF,latest_vessel_schedule_minus_atd,260704220,HAM-SHA,Y,2025-11-03,2025,2025-11,2025-12-18,45,schedule_passed,2025
2026-09-09_ham-sha_merged,2026-09-07,HAM-SHA,HAM,SHA,import,ocean,CIF,latest_vessel_schedule_minus_atd,260704221,HAM-SHA,Y,2025-11-03,2025,2025-11,2025-12-18,45,schedule_passed,2025
2026-09-09_ham-sha_merged,2026-09-07,HAM-SHA,HAM,SHA,import,ocean,CIF,latest_vessel_schedule_minus_atd,259367205,HAM-SHA,Y,2025-11-09,2025,2025-11,2025-12-26,47,schedule_passed,2025
2026-09-09_ham-sha_merged,2026-09-07,HAM-SHA,HAM,SHA,import,ocean,CIF,latest_vessel_schedule_minus_atd,259369198,HAM-SHA,Y,2025-11-09,2025,2025-11,2025-12-26,47,schedule_passed,2025
2026-09-09_ham-sha_merged,2026-09-07,HAM-SHA,HAM,SHA,import,ocean,CIF,latest_vessel_schedule_minus_atd,259371809,HAM-SHA,Y,2025-11-09,2025,2025-11,2025-12-26,47,schedule_passed,2025
2026-09-09_ham-sha_merged,2026-09-07,HAM-SHA,HAM,SHA,import,ocean,CIF,latest_vessel_schedule_minus_atd,260957512,HAM-SHA,Y,2025-11-18,2025,2025-11,2026-01-01,44,schedule_passed,2025
2026-09-09_ham-sha_merged,2026-09-07,HAM-SHA,HAM,SHA,import,ocean,CIF,latest_vessel_schedule_minus_atd,260958110,HAM-SHA,Y,2025-11-18,2025,2025-11,2026-01-01,44,schedule_passed,2025
2026-09-09_ham-sha_merged,2026-09-07,HAM-SHA,HAM,SHA,import,ocean,CIF,latest_vessel_schedule_minus_atd,260958718,HAM-SHA,Y,2025-11-18,2025,2025-11,2026-01-01,44,schedule_passed,2025
2026-09-09_ham-sha_merged,2026-09-07,HAM-SHA,HAM,SHA,import,ocean,CIF,latest_vessel_schedule_minus_atd,260958114,,U,2025-11-23,2025,2025-11,2026-01-09,47,schedule_passed,typed_2026-09-07
2026-09-09_ham-sha_merged,2026-09-07,HAM-SHA,HAM,SHA,import,ocean,CIF,latest_vessel_schedule_minus_atd,260958719,,U,2025-11-23,2025,2025-11,2026-01-09,47,schedule_passed,typed_2026-09-07
2026-09-09_ham-sha_merged,2026-09-07,HAM-SHA,HAM,SHA,import,ocean,CIF,latest_vessel_schedule_minus_atd,261865619,,U,2025-11-23,2025,2025-11,2026-01-09,47,schedule_passed,typed_2026-09-07
2026-09-09_ham-sha_merged,2026-09-07,HAM-SHA,HAM,SHA,import,ocean,CIF,latest_vessel_schedule_minus_atd,260957518,,U,2025-11-30,2025,2025-11,2026-01-16,47,schedule_passed,typed_2026-09-07
2026-09-09_ham-sha_merged,2026-09-07,HAM-SHA,HAM,SHA,import,ocean,CIF,latest_vessel_schedule_minus_atd,260958712,,U,2025-11-30,2025,2025-11,2026-01-16,47,schedule_passed,typed_2026-09-07
2026-09-09_ham-sha_merged,2026-09-07,HAM-SHA,HAM,SHA,import,ocean,CIF,latest_vessel_schedule_minus_atd,260957514,,U,2025-12-08,2025,2025-12,2026-01-24,47,schedule_passed,typed_2026-09-07
2026-09-09_ham-sha_merged,2026-09-07,HAM-SHA,HAM,SHA,import,ocean,CIF,latest_vessel_schedule_minus_atd,260957516,,U,2025-12-08,2025,2025-12,2026-01-24,47,schedule_passed,typed_2026-09-07
2026-09-09_ham-sha_merged,2026-09-07,HAM-SHA,HAM,SHA,import,ocean,CIF,latest_vessel_schedule_minus_atd,260958112,HAM-SHA,Y,2025-12-08,2025,2025-12,2026-01-24,47,schedule_passed,typed_2026-09-07
2026-09-09_ham-sha_merged,2026-09-07,HAM-SHA,HAM,SHA,import,ocean,CIF,latest_vessel_schedule_minus_atd,260958115,HAM-SHA,Y,2025-12-08,2025,2025-12,2026-01-24,47,schedule_passed,2025
2026-09-09_ham-sha_merged,2026-09-07,HAM-SHA,HAM,SHA,import,ocean,CIF,latest_vessel_schedule_minus_atd,260958116,,U,2025-12-08,2025,2025-12,2026-01-24,47,schedule_passed,typed_2026-09-07
2026-09-09_ham-sha_merged,2026-09-07,HAM-SHA,HAM,SHA,import,ocean,CIF,latest_vessel_schedule_minus_atd,260958722,HAM-SHA,Y,2025-12-08,2025,2025-12,2026-01-24,47,schedule_passed,typed_2026-09-07
2026-09-09_ham-sha_merged,2026-09-07,HAM-SHA,HAM,SHA,import,ocean,CIF,latest_vessel_schedule_minus_atd,260958111,,U,2025-12-14,2025,2025-12,2026-01-30,47,schedule_passed,typed_2026-09-07
2026-09-09_ham-sha_merged,2026-09-07,HAM-SHA,HAM,SHA,import,ocean,CIF,latest_vessel_schedule_minus_atd,260958713,,U,2025-12-14,2025,2025-12,2026-01-30,47,schedule_passed,typed_2026-09-07
2026-09-09_ham-sha_merged,2026-09-07,HAM-SHA,HAM,SHA,import,ocean,CIF,latest_vessel_schedule_minus_atd,260957517,,U,2025-12-21,2025,2025-12,2026-02-08,49,schedule_passed,typed_2026-09-07
2026-09-09_ham-sha_merged,2026-09-07,HAM-SHA,HAM,SHA,import,ocean,CIF,latest_vessel_schedule_minus_atd,262391634,,U,2025-12-21,2025,2025-12,2026-02-08,49,schedule_passed,typed_2026-09-07
2026-09-09_ham-sha_merged,2026-09-07,HAM-SHA,HAM,SHA,import,ocean,CIF,latest_vessel_schedule_minus_atd,262391635,,U,2025-12-21,2025,2025-12,2026-02-08,49,schedule_passed,typed_2026-09-07
2026-09-09_ham-sha_merged,2026-09-07,HAM-SHA,HAM,SHA,import,ocean,CIF,latest_vessel_schedule_minus_atd,262390973,HAM-SLL-SHA,N,2025-12-23,2025,2025-12,2026-02-16,55,schedule_passed,typed_2026-09-07
2026-09-09_ham-sha_merged,2026-09-07,HAM-SHA,HAM,SHA,import,ocean,CIF,latest_vessel_schedule_minus_atd,262390976,,U,2025-12-29,2025,2025-12,2026-02-12,45,schedule_passed,typed_2026-09-07
2026-09-09_ham-sha_merged,2026-09-07,HAM-SHA,HAM,SHA,import,ocean,CIF,latest_vessel_schedule_minus_atd,262391636,,U,2025-12-29,2025,2025-12,2026-02-12,45,schedule_passed,typed_2026-09-07
2026-09-09_ham-sha_merged,2026-09-07,HAM-SHA,HAM,SHA,import,ocean,CIF,latest_vessel_schedule_minus_atd,262392314,,U,2025-12-29,2025,2025-12,2026-02-12,45,schedule_passed,typed_2026-09-07
2026-09-09_ham-sha_merged,2026-09-07,HAM-SHA,HAM,SHA,import,ocean,CIF,latest_vessel_schedule_minus_atd,262391637,,U,2026-01-08,2026,2026-01,2026-02-18,41,schedule_passed,typed_2026-09-07
2026-09-09_ham-sha_merged,2026-09-07,HAM-SHA,HAM,SHA,import,ocean,CIF,latest_vessel_schedule_minus_atd,262392315,,U,2026-01-08,2026,2026-01,2026-02-18,41,schedule_passed,typed_2026-09-07
2026-09-09_ham-sha_merged,2026-09-07,HAM-SHA,HAM,SHA,import,ocean,CIF,latest_vessel_schedule_minus_atd,262390968,,U,2026-01-16,2026,2026-01,2026-03-21,64,schedule_passed,typed_2026-09-07
2026-09-09_ham-sha_merged,2026-09-07,HAM-SHA,HAM,SHA,import,ocean,CIF,latest_vessel_schedule_minus_atd,262390969,,U,2026-01-19,2026,2026-01,2026-03-23,63,schedule_passed,typed_2026-09-07
2026-09-09_ham-sha_merged,2026-09-07,HAM-SHA,HAM,SHA,import,ocean,CIF,latest_vessel_schedule_minus_atd,262391630,,U,2026-01-19,2026,2026-01,2026-03-23,63,schedule_passed,typed_2026-09-07
2026-09-09_ham-sha_merged,2026-09-07,HAM-SHA,HAM,SHA,import,ocean,CIF,latest_vessel_schedule_minus_atd,262782474,,U,2026-01-28,2026,2026-01,2026-03-17,48,schedule_passed,typed_2026-09-07
2026-09-09_ham-sha_merged,2026-09-07,HAM-SHA,HAM,SHA,import,ocean,CIF,latest_vessel_schedule_minus_atd,262782475,,U,2026-01-28,2026,2026-01,2026-03-17,48,schedule_passed,typed_2026-09-07
2026-09-09_ham-sha_merged,2026-09-07,HAM-SHA,HAM,SHA,import,ocean,CIF,latest_vessel_schedule_minus_atd,262782477,,U,2026-01-28,2026,2026-01,2026-03-17,48,schedule_passed,typed_2026-09-07
2026-09-09_ham-sha_merged,2026-09-07,HAM-SHA,HAM,SHA,import,ocean,CIF,latest_vessel_schedule_minus_atd,262782478,,U,2026-01-28,2026,2026-01,2026-03-17,48,schedule_passed,typed_2026-09-07
2026-09-09_ham-sha_merged,2026-09-07,HAM-SHA,HAM,SHA,import,ocean,CIF,latest_vessel_schedule_minus_atd,262783096,,U,2026-01-28,2026,2026-01,2026-03-17,48,schedule_passed,typed_2026-09-07
2026-09-09_ham-sha_merged,2026-09-07,HAM-SHA,HAM,SHA,import,ocean,CIF,latest_vessel_schedule_minus_atd,264161579,,U,2026-02-04,2026,2026-02,2026-03-25,49,schedule_passed,typed_2026-09-07
2026-09-09_ham-sha_merged,2026-09-07,HAM-SHA,HAM,SHA,import,ocean,CIF,latest_vessel_schedule_minus_atd,264162791,,U,2026-02-04,2026,2026-02,2026-03-25,49,schedule_passed,typed_2026-09-07
2026-09-09_ham-sha_merged,2026-09-07,HAM-SHA,HAM,SHA,import,ocean,CIF,latest_vessel_schedule_minus_atd,264165273,,U,2026-02-04,2026,2026-02,2026-03-25,49,schedule_passed,typed_2026-09-07
2026-09-09_ham-sha_merged,2026-09-07,HAM-SHA,HAM,SHA,import,ocean,CIF,latest_vessel_schedule_minus_atd,265450890,,U,2026-02-04,2026,2026-02,2026-03-25,49,schedule_passed,typed_2026-09-07
2026-09-09_ham-sha_merged,2026-09-07,HAM-SHA,HAM,SHA,import,ocean,CIF,latest_vessel_schedule_minus_atd,266220960,,U,2026-02-04,2026,2026-02,2026-04-21,76,schedule_passed,typed_2026-09-07
2026-09-09_ham-sha_merged,2026-09-07,HAM-SHA,HAM,SHA,import,ocean,CIF,latest_vessel_schedule_minus_atd,264161587,,U,2026-02-11,2026,2026-02,2026-03-31,48,schedule_passed,typed_2026-09-07
2026-09-09_ham-sha_merged,2026-09-07,HAM-SHA,HAM,SHA,import,ocean,CIF,latest_vessel_schedule_minus_atd,264163938,,U,2026-02-11,2026,2026-02,2026-03-31,48,schedule_passed,typed_2026-09-07
2026-09-09_ham-sha_merged,2026-09-07,HAM-SHA,HAM,SHA,import,ocean,CIF,latest_vessel_schedule_minus_atd,264165276,,U,2026-02-11,2026,2026-02,2026-03-31,48,schedule_passed,typed_2026-09-07
2026-09-09_ham-sha_merged,2026-09-07,HAM-SHA,HAM,SHA,import,ocean,CIF,latest_vessel_schedule_minus_atd,264166324,,U,2026-02-16,2026,2026-02,2026-04-09,52,schedule_passed,typed_2026-09-07
2026-09-09_ham-sha_merged,2026-09-07,HAM-SHA,HAM,SHA,import,ocean,CIF,latest_vessel_schedule_minus_atd,264161584,,U,2026-02-22,2026,2026-02,2026-04-15,52,schedule_passed,typed_2026-09-07
2026-09-09_ham-sha_merged,2026-09-07,HAM-SHA,HAM,SHA,import,ocean,CIF,latest_vessel_schedule_minus_atd,264163968,,U,2026-02-22,2026,2026-02,2026-04-15,52,schedule_passed,typed_2026-09-07
2026-09-09_ham-sha_merged,2026-09-07,HAM-SHA,HAM,SHA,import,ocean,CIF,latest_vessel_schedule_minus_atd,264166323,,U,2026-02-22,2026,2026-02,2026-04-15,52,schedule_passed,typed_2026-09-07
2026-09-09_ham-sha_merged,2026-09-07,HAM-SHA,HAM,SHA,import,ocean,CIF,latest_vessel_schedule_minus_atd,264161585,,U,2026-03-04,2026,2026-03,2026-04-09,36,schedule_passed,typed_2026-09-07
2026-09-09_ham-sha_merged,2026-09-07,HAM-SHA,HAM,SHA,import,ocean,CIF,latest_vessel_schedule_minus_atd,264162789,,U,2026-03-04,2026,2026-03,2026-04-21,48,schedule_passed,typed_2026-09-07
2026-09-09_ham-sha_merged,2026-09-07,HAM-SHA,HAM,SHA,import,ocean,CIF,latest_vessel_schedule_minus_atd,264163964,,U,2026-03-04,2026,2026-03,2026-04-21,48,schedule_passed,typed_2026-09-07
2026-09-09_ham-sha_merged,2026-09-07,HAM-SHA,HAM,SHA,import,ocean,CIF,latest_vessel_schedule_minus_atd,264165270,,U,2026-03-04,2026,2026-03,2026-04-21,48,schedule_passed,typed_2026-09-07
2026-09-09_ham-sha_merged,2026-09-07,HAM-SHA,HAM,SHA,import,ocean,CIF,latest_vessel_schedule_minus_atd,264166327,,U,2026-03-04,2026,2026-03,2026-04-21,48,schedule_passed,typed_2026-09-07
2026-09-09_ham-sha_merged,2026-09-07,HAM-SHA,HAM,SHA,import,ocean,CIF,latest_vessel_schedule_minus_atd,265800321,,U,2026-03-09,2026,2026-03,2026-04-28,50,schedule_passed,typed_2026-09-07
2026-09-09_ham-sha_merged,2026-09-07,HAM-SHA,HAM,SHA,import,ocean,CIF,latest_vessel_schedule_minus_atd,265801584,,U,2026-03-09,2026,2026-03,2026-04-28,50,schedule_passed,typed_2026-09-07
2026-09-09_ham-sha_merged,2026-09-07,HAM-SHA,HAM,SHA,import,ocean,CIF,latest_vessel_schedule_minus_atd,265800322,,U,2026-03-17,2026,2026-03,2026-05-07,51,schedule_passed,typed_2026-09-07
2026-09-09_ham-sha_merged,2026-09-07,HAM-SHA,HAM,SHA,import,ocean,CIF,latest_vessel_schedule_minus_atd,265801590,,U,2026-03-17,2026,2026-03,2026-05-07,51,schedule_passed,typed_2026-09-07
2026-09-09_ham-sha_merged,2026-09-07,HAM-SHA,HAM,SHA,import,ocean,CIF,latest_vessel_schedule_minus_atd,265802877,,U,2026-03-17,2026,2026-03,2026-05-07,51,schedule_passed,typed_2026-09-07
2026-09-09_ham-sha_merged,2026-09-07,HAM-SHA,HAM,SHA,import,ocean,CIF,latest_vessel_schedule_minus_atd,267160633,,U,2026-03-17,2026,2026-03,2026-05-07,51,schedule_passed,typed_2026-09-07
2026-09-09_ham-sha_merged,2026-09-07,HAM-SHA,HAM,SHA,import,ocean,CIF,latest_vessel_schedule_minus_atd,265800327,,U,2026-03-23,2026,2026-03,2026-05-11,49,schedule_passed,typed_2026-09-07
2026-09-09_ham-sha_merged,2026-09-07,HAM-SHA,HAM,SHA,import,ocean,CIF,latest_vessel_schedule_minus_atd,265802859,,U,2026-03-23,2026,2026-03,2026-05-11,49,schedule_passed,typed_2026-09-07
2026-09-09_ham-sha_merged,2026-09-07,HAM-SHA,HAM,SHA,import,ocean,CIF,latest_vessel_schedule_minus_atd,265802873,,U,2026-03-23,2026,2026-03,2026-05-11,49,schedule_passed,typed_2026-09-07
2026-09-09_ham-sha_merged,2026-09-07,HAM-SHA,HAM,SHA,import,ocean,CIF,latest_vessel_schedule_minus_atd,265800324,,U,2026-03-29,2026,2026-03,2026-05-17,49,schedule_passed,typed_2026-09-07
2026-09-09_ham-sha_merged,2026-09-07,HAM-SHA,HAM,SHA,import,ocean,CIF,latest_vessel_schedule_minus_atd,265802857,,U,2026-03-29,2026,2026-03,2026-05-17,49,schedule_passed,typed_2026-09-07
2026-09-09_ham-sha_merged,2026-09-07,HAM-SHA,HAM,SHA,import,ocean,CIF,latest_vessel_schedule_minus_atd,266985700,,U,2026-04-04,2026,2026-04,2026-05-22,48,schedule_passed,typed_2026-09-07
2026-09-09_ham-sha_merged,2026-09-07,HAM-SHA,HAM,SHA,import,ocean,CIF,latest_vessel_schedule_minus_atd,266986217,,U,2026-04-04,2026,2026-04,2026-05-22,48,schedule_passed,typed_2026-09-07
2026-09-09_ham-sha_merged,2026-09-07,HAM-SHA,HAM,SHA,import,ocean,CIF,latest_vessel_schedule_minus_atd,266986788,,U,2026-04-04,2026,2026-04,2026-05-22,48,schedule_passed,typed_2026-09-07
2026-09-09_ham-sha_merged,2026-09-07,HAM-SHA,HAM,SHA,import,ocean,CIF,latest_vessel_schedule_minus_atd,266985697,,U,2026-04-13,2026,2026-04,2026-06-03,51,schedule_passed,typed_2026-09-07
2026-09-09_ham-sha_merged,2026-09-07,HAM-SHA,HAM,SHA,import,ocean,CIF,latest_vessel_schedule_minus_atd,266986216,,U,2026-04-13,2026,2026-04,2026-06-03,51,schedule_passed,typed_2026-09-07
2026-09-09_ham-sha_merged,2026-09-07,HAM-SHA,HAM,SHA,import,ocean,CIF,latest_vessel_schedule_minus_atd,266986790,,U,2026-04-13,2026,2026-04,2026-06-03,51,schedule_passed,typed_2026-09-07
2026-09-09_ham-sha_merged,2026-09-07,HAM-SHA,HAM,SHA,import,ocean,CIF,latest_vessel_schedule_minus_atd,266985699,,U,2026-04-21,2026,2026-04,2026-06-12,52,schedule_passed,typed_2026-09-07
2026-09-09_ham-sha_merged,2026-09-07,HAM-SHA,HAM,SHA,import,ocean,CIF,latest_vessel_schedule_minus_atd,266986218,,U,2026-04-21,2026,2026-04,2026-06-12,52,schedule_passed,typed_2026-09-07
2026-09-09_ham-sha_merged,2026-09-07,HAM-SHA,HAM,SHA,import,ocean,CIF,latest_vessel_schedule_minus_atd,266986220,,U,2026-04-25,2026,2026-04,2026-06-22,58,schedule_passed,typed_2026-09-07
2026-09-09_ham-sha_merged,2026-09-07,HAM-SHA,HAM,SHA,import,ocean,CIF,latest_vessel_schedule_minus_atd,266985698,,U,2026-04-27,2026,2026-04,2026-06-21,55,schedule_passed,typed_2026-09-07
2026-09-09_ham-sha_merged,2026-09-07,HAM-SHA,HAM,SHA,import,ocean,CIF,latest_vessel_schedule_minus_atd,266986789,,U,2026-04-27,2026,2026-04,2026-06-21,55,schedule_passed,typed_2026-09-07
2026-09-09_ham-sha_merged,2026-09-07,HAM-SHA,HAM,SHA,import,ocean,CIF,latest_vessel_schedule_minus_atd,266985701,,U,2026-05-04,2026,2026-05,2026-06-26,53,schedule_passed,typed_2026-09-07
2026-09-09_ham-sha_merged,2026-09-07,HAM-SHA,HAM,SHA,import,ocean,CIF,latest_vessel_schedule_minus_atd,266986219,,U,2026-05-04,2026,2026-05,2026-06-26,53,schedule_passed,typed_2026-09-07
2026-09-09_ham-sha_merged,2026-09-07,HAM-SHA,HAM,SHA,import,ocean,CIF,latest_vessel_schedule_minus_atd,268912749,,U,2026-05-11,2026,2026-05,2026-07-04,54,schedule_passed,typed_2026-09-07
2026-09-09_ham-sha_merged,2026-09-07,HAM-SHA,HAM,SHA,import,ocean,CIF,latest_vessel_schedule_minus_atd,268921719,,U,2026-05-11,2026,2026-05,2026-07-04,54,schedule_passed,typed_2026-09-07
2026-09-09_ham-sha_merged,2026-09-07,HAM-SHA,HAM,SHA,import,ocean,CIF,latest_vessel_schedule_minus_atd,268922601,,U,2026-05-11,2026,2026-05,2026-07-04,54,schedule_passed,typed_2026-09-07
2026-09-09_ham-sha_merged,2026-09-07,HAM-SHA,HAM,SHA,import,ocean,CIF,latest_vessel_schedule_minus_atd,268912751,,U,2026-05-18,2026,2026-05,2026-07-15,58,schedule_passed,typed_2026-09-07
2026-09-09_ham-sha_merged,2026-09-07,HAM-SHA,HAM,SHA,import,ocean,CIF,latest_vessel_schedule_minus_atd,268921721,,U,2026-05-18,2026,2026-05,2026-07-15,58,schedule_passed,typed_2026-09-07
2026-09-09_ham-sha_merged,2026-09-07,HAM-SHA,HAM,SHA,import,ocean,CIF,latest_vessel_schedule_minus_atd,268922605,,U,2026-05-18,2026,2026-05,2026-07-15,58,schedule_passed,typed_2026-09-07
2026-09-09_ham-sha_merged,2026-09-07,HAM-SHA,HAM,SHA,import,ocean,CIF,latest_vessel_schedule_minus_atd,268923457,,U,2026-05-26,2026,2026-05,2026-07-20,55,schedule_passed,typed_2026-09-07
2026-09-09_ham-sha_merged,2026-09-07,HAM-SHA,HAM,SHA,import,ocean,CIF,latest_vessel_schedule_minus_atd,268912759,,U,2026-06-01,2026,2026-06,2026-07-28,57,schedule_passed,typed_2026-09-07
2026-09-09_ham-sha_merged,2026-09-07,HAM-SHA,HAM,SHA,import,ocean,CIF,latest_vessel_schedule_minus_atd,268921720,,U,2026-06-01,2026,2026-06,2026-07-28,57,schedule_passed,typed_2026-09-07
2026-09-09_ham-sha_merged,2026-09-07,HAM-SHA,HAM,SHA,import,ocean,CIF,latest_vessel_schedule_minus_atd,268923459,,U,2026-06-01,2026,2026-06,2026-07-28,57,schedule_passed,typed_2026-09-07
2026-09-09_ham-sha_merged,2026-09-07,HAM-SHA,HAM,SHA,import,ocean,CIF,latest_vessel_schedule_minus_atd,268921723,,U,2026-06-07,2026,2026-06,2026-08-15,69,schedule_passed,typed_2026-09-07
2026-09-09_ham-sha_merged,2026-09-07,HAM-SHA,HAM,SHA,import,ocean,CIF,latest_vessel_schedule_minus_atd,268923460,,U,2026-06-07,2026,2026-06,2026-08-05,59,schedule_passed,typed_2026-09-07
2026-09-09_ham-sha_merged,2026-09-07,HAM-SHA,HAM,SHA,import,ocean,CIF,latest_vessel_schedule_minus_atd,268912754,,U,2026-06-09,2026,2026-06,2026-08-19,71,schedule_passed,typed_2026-09-07
2026-09-09_ham-sha_merged,2026-09-07,HAM-SHA,HAM,SHA,import,ocean,CIF,latest_vessel_schedule_minus_atd,268921722,,U,2026-06-14,2026,2026-06,2026-08-15,62,schedule_passed,typed_2026-09-07
2026-09-09_ham-sha_merged,2026-09-07,HAM-SHA,HAM,SHA,import,ocean,CIF,latest_vessel_schedule_minus_atd,271077216,,U,2026-06-14,2026,2026-06,2026-08-18,65,schedule_passed,typed_2026-09-07
2026-09-09_ham-sha_merged,2026-09-07,HAM-SHA,HAM,SHA,import,ocean,CIF,latest_vessel_schedule_minus_atd,271078383,,U,2026-06-14,2026,2026-06,2026-08-18,65,schedule_passed,typed_2026-09-07
2026-09-09_ham-sha_merged,2026-09-07,HAM-SHA,HAM,SHA,import,ocean,CIF,latest_vessel_schedule_minus_atd,271079409,,U,2026-06-14,2026,2026-06,2026-08-18,65,schedule_passed,typed_2026-09-07
2026-09-09_ham-sha_merged,2026-09-07,HAM-SHA,HAM,SHA,import,ocean,CIF,latest_vessel_schedule_minus_atd,271078385,,U,2026-06-22,2026,2026-06,2026-08-31,70,schedule_passed,typed_2026-09-07
2026-09-09_ham-sha_merged,2026-09-07,HAM-SHA,HAM,SHA,import,ocean,CIF,latest_vessel_schedule_minus_atd,271079417,,U,2026-06-22,2026,2026-06,2026-08-31,70,schedule_passed,typed_2026-09-07
2026-09-09_ham-sha_merged,2026-09-07,HAM-SHA,HAM,SHA,import,ocean,CIF,latest_vessel_schedule_minus_atd,271077222,,U,2026-07-04,2026,2026-07,2026-09-13,71,eta,typed_2026-09-07
2026-09-09_ham-sha_merged,2026-09-07,HAM-SHA,HAM,SHA,import,ocean,CIF,latest_vessel_schedule_minus_atd,271078389,,U,2026-07-04,2026,2026-07,2026-09-13,71,eta,typed_2026-09-07
2026-09-09_ham-sha_merged,2026-09-07,HAM-SHA,HAM,SHA,import,ocean,CIF,latest_vessel_schedule_minus_atd,271078390,,U,2026-07-04,2026,2026-07,2026-09-13,71,eta,typed_2026-09-07
2026-09-09_ham-sha_merged,2026-09-07,HAM-SHA,HAM,SHA,import,ocean,CIF,latest_vessel_schedule_minus_atd,271079413,,U,2026-07-04,2026,2026-07,2026-09-10,68,eta,typed_2026-09-07
2026-09-09_ham-sha_merged,2026-09-07,HAM-SHA,HAM,SHA,import,ocean,CIF,latest_vessel_schedule_minus_atd,271079416,,U,2026-07-04,2026,2026-07,2026-09-10,68,eta,typed_2026-09-07
2026-09-09_ham-sha_merged,2026-09-07,HAM-SHA,HAM,SHA,import,ocean,CIF,latest_vessel_schedule_minus_atd,272245447,,U,2026-07-08,2026,2026-07,2026-09-10,64,eta,typed_2026-09-07
2026-09-09_ham-sha_merged,2026-09-07,HAM-SHA,HAM,SHA,import,ocean,CIF,latest_vessel_schedule_minus_atd,271077219,,U,2026-07-11,2026,2026-07,2026-09-11,62,eta,typed_2026-09-07
2026-09-09_ham-sha_merged,2026-09-07,HAM-SHA,HAM,SHA,import,ocean,CIF,latest_vessel_schedule_minus_atd,271078017,,U,2026-07-11,2026,2026-07,2026-09-11,62,eta,typed_2026-09-07
2026-09-09_ham-sha_merged,2026-09-07,HAM-SHA,HAM,SHA,import,ocean,CIF,latest_vessel_schedule_minus_atd,271886979,,U,2026-07-16,2026,2026-07,2026-09-14,60,eta,typed_2026-09-07
2026-09-09_ham-sha_merged,2026-09-07,HAM-SHA,HAM,SHA,import,ocean,CIF,latest_vessel_schedule_minus_atd,271887742,,U,2026-07-24,2026,2026-07,2026-09-16,54,eta,typed_2026-09-07
2026-09-09_ham-sha_merged,2026-09-07,HAM-SHA,HAM,SHA,import,ocean,CIF,latest_vessel_schedule_minus_atd,271889995,,U,2026-07-24,2026,2026-07,2026-09-16,54,eta,typed_2026-09-07
2026-09-09_ham-sha_merged,2026-09-07,HAM-SHA,HAM,SHA,import,ocean,CIF,latest_vessel_schedule_minus_atd,271887746,,U,2026-07-31,2026,2026-07,2026-09-17,48,eta,typed_2026-09-07
2026-09-09_ham-sha_merged,2026-09-07,HAM-SHA,HAM,SHA,import,ocean,CIF,latest_vessel_schedule_minus_atd,271888521,,U,2026-07-31,2026,2026-07,2026-09-17,48,eta,typed_2026-09-07
2026-09-09_ham-sha_merged,2026-09-07,HAM-SHA,HAM,SHA,import,ocean,CIF,latest_vessel_schedule_minus_atd,271889996,,U,2026-07-31,2026,2026-07,2026-09-17,48,eta,typed_2026-09-07
2026-09-09_ham-sha_merged,2026-09-07,HAM-SHA,HAM,SHA,import,ocean,CIF,latest_vessel_schedule_minus_atd,274077035,,U,2026-07-31,2026,2026-07,2026-09-17,48,eta,typed_2026-09-07
2026-09-09_ham-sha_merged,2026-09-07,HAM-SHA,HAM,SHA,import,ocean,CIF,latest_vessel_schedule_minus_atd,271888522,,U,2026-08-01,2026,2026-08,2026-09-27,57,eta,typed_2026-09-07
2026-09-09_ham-sha_merged,2026-09-07,HAM-SHA,HAM,SHA,import,ocean,CIF,latest_vessel_schedule_minus_atd,271887749,,U,2026-08-07,2026,2026-08,2026-09-24,48,eta,typed_2026-09-07
2026-09-09_ham-sha_merged,2026-09-07,HAM-SHA,HAM,SHA,import,ocean,CIF,latest_vessel_schedule_minus_atd,271888526,,U,2026-08-07,2026,2026-08,2026-09-24,48,eta,typed_2026-09-07
