bl_no,route,atd,schedule,pri,sheet
221535940,,2022-10-29,2022-12-01,30,2023
221536296,,2022-10-25,2022-12-01,30,2023
221536207,,2022-10-25,2022-12-01,30,2023
221943342,,2022-11-01,2022-12-07,30,2023
221947173,,2022-11-01,2022-12-07,30,2023
221939216,,2022-11-10,2022-12-21,30,2023
221944256,,2022-11-08,2022-12-15,30,2023
221947174,,2022-11-08,2022-12-15,30,2023
221947176,,2022-11-17,2023-01-02,30,2023
221944261,,2022-11-17,2023-01-02,30,2023
221947175,,2022-11-23,2023-01-04,30,2023
221944266,,2022-12-05,2023-01-22,30,2023
221947177,,2022-12-05,2023-01-22,30,2023
221939966,,2022-12-02,2023-01-07,30,2023
223157668,,2022-12-10,2023-01-13,30,2023
221944271,,2022-12-06,2023-01-12,30,2023
221947183,,2022-12-06,2023-01-12,30,2023
223158512,,2022-12-13,2023-01-22,30,2023
223159155,,2022-12-13,2023-01-23,30,2023
223157670,,2022-12-23,2023-01-27,30,2023
223159162,,2022-12-23,2023-02-06,30,2023
223158503,,2022-12-26,2023-02-06,30,2023
223160004,,2022-12-28,2023-02-06,30,2023
223158501,,2022-12-28,2023-02-06,30,2023
223477939,,2023-01-09,2023-02-11,30,2023
223160013,,2023-01-02,2023-03-05,30,2023
223159144,,2023-01-10,2023-03-01,30,2023
224169409,,2023-01-09,2023-03-01,30,2023
223481751,,2023-01-09,2023-03-01,30,2023
223478606,,2023-01-29,2023-03-02,30,2023
223481752,,2023-01-21,2023-03-11,30,2023
223480629,,2023-01-21,2023-03-11,30,2023
224306375,,2023-01-21,2023-03-11,30,2023
224305959,,2023-01-21,2023-03-11,30,2023
223481750,,2023-01-27,2023-03-22,30,2023
223481218,,2023-01-27,2023-03-22,30,2023
224551702,,2023-02-19,2023-03-23,30,2023
223481756,,2023-02-04,2023-04-26,30,2023
223481221,,2023-02-04,2023-04-08,30,2023
223482172,,2023-02-13,2023-04-09,30,2023
224552264,,2023-03-05,2023-04-07,30,2023
224553192,,2023-02-22,2023-04-13,30,2023
224553185,,2023-02-22,2023-04-13,30,2023
224553184,,2023-03-02,2023-04-18,30,2023
224553604,,2023-03-02,2023-04-18,30,2023
224553188,,2023-03-11,2023-04-25,30,2023
224553606,,2023-03-11,2023-04-25,30,2023
224553605,,2023-03-11,2023-04-25,30,2023
225090996,,2023-03-24,2023-04-29,30,2023
225094267,,2023-03-15,2023-05-12,30,2023
225091889,,2023-03-15,2023-05-12,30,2023
225094275,,2023-03-15,2023-05-19,30,2023
225091887,,2023-04-08,2023-05-11,30,2023
225093432,,2023-03-30,2023-05-16,30,2023
225094266,,2023-03-30,2023-05-16,30,2023
226127016,,2023-04-06,2023-05-23,30,2023
225095135,,2023-04-06,2023-05-23,30,2023
225094271,,2023-04-06,2023-05-23,30,2023
226126444,,2023-04-21,2023-06-07,30,2023
226126441,,2023-04-21,2023-06-07,30,2023
226125930,,2023-04-21,2023-06-07,30,2023
226126443,,2023-04-28,2023-06-21,30,2023
226126438,,2023-04-28,2023-06-21,30,2023
226127015,,2023-05-06,2023-07-05,30,2023
226126442,,2023-05-06,2023-07-19,30,2023
226126440,,2023-05-06,2023-07-19,30,2023
227441436,,2023-05-12,2023-06-28,30,2023
226846374,,2023-05-12,2023-06-28,30,2023
226848741,,2023-05-19,2023-07-04,30,2023
226846376,,2023-05-19,2023-07-04,30,2023
226849455,,2023-05-26,2023-07-11,30,2023
226846377,,2023-05-26,2023-07-11,30,2023
226846384,,2023-06-02,2023-07-25,30,2023
226849457,,2023-06-02,2023-07-25,30,2023
227376832,,2023-06-09,2023-07-31,30,2023
227375922,,2023-06-09,2023-07-31,30,2023
227375923,,2023-06-16,2023-08-08,30,2023
227376833,,2023-06-16,2023-08-08,30,2023
227375924,,2023-06-22,2023-08-30,30,2023
227376840,,2023-06-22,2023-08-30,30,2023
227375934,,2023-06-30,2023-08-21,30,2023
227376831,,2023-06-30,2023-08-21,30,2023
228346700,,2023-07-07,2023-08-29,30,2023
228346179,,2023-07-07,2023-08-29,30,2023
228346185,,2023-07-14,2023-09-04,30,2023
228987125,,2023-07-14,2023-09-04,30,2023
228346699,,2023-07-14,2023-09-04,30,2023
229231866,,2023-07-23,2023-09-19,30,2023
229226783,,2023-07-23,2023-09-19,30,2023
229230380,,2023-07-23,2023-09-19,30,2023
228346697,,2023-07-27,2023-09-19,30,2023
228346694,,2023-07-27,2023-09-19,30,2023
228347874,,2023-08-05,2023-09-26,30,2023
228348430,,2023-08-05,2023-09-26,30,2023
229650935,,2023-08-05,2023-09-26,30,2023
228347875,,2023-08-12,2023-10-03,30,2023
228348428,,2023-08-12,2023-10-03,30,2023
229948133,,2023-08-12,2023-10-03,30,2023
228347873,,2023-08-19,2023-10-15,30,2023
230184449,,2023-08-19,2023-10-15,30,2023
228348429,,2023-08-19,2023-10-15,30,2023
228347878,,2023-08-26,2023-10-17,30,2023
228348438,,2023-08-26,2023-10-17,30,2023
229397772,,2023-08-26,2023-10-17,30,2023
229999693,,2023-09-04,2023-10-24,30,2023
229999696,,2023-09-04,2023-10-24,30,2023
229999698,,2023-09-10,2023-10-30,30,2023
229999699,,2023-09-10,2023-10-30,30,2023
229999697,,2023-09-17,2023-11-07,30,2023
230000288,,2023-09-17,2023-11-07,30,2023
229999112,,2023-09-17,2023-11-07,30,2023
229999695,,2023-09-24,2023-11-15,30,2023
229999113,,2023-09-24,2023-11-15,30,2023
230000295,,2023-09-24,2023-11-15,30,2023
231195775,,2023-09-30,2023-11-14,30,2023
231194122,,2023-09-30,2023-11-14,30,2023
231195773,,2023-10-08,2023-11-20,30,2023
231196292,,2023-10-08,2023-11-20,30,2023
231196294,,2023-10-21,2023-12-04,40,2024
232229587,,2023-10-21,2023-12-13,40,2024
231194678,,2023-10-21,2023-12-04,40,2024
232229072,,2023-10-21,2023-12-04,40,2024
231707816,,2023-10-28,2023-12-11,40,2024
231713744,,2023-10-28,2023-12-11,40,2024
231715199,,2023-10-28,2023-12-11,40,2024
232504018,,2023-10-28,2023-12-13,40,2024
231707815,,2023-11-04,2023-12-18,40,2024
231716410,,2023-11-04,2023-12-18,40,2024
232722658,,2023-11-04,2023-12-19,40,2024
231716409,,2023-11-14,2023-12-28,40,2024
231707820,,2023-11-14,2023-12-28,40,2024
232941359,,2023-11-14,2023-12-28,40,2024
232941866,,2023-11-14,2023-12-28,40,2024
231709645,HAM-SIN-SHA,2023-11-27,2024-01-25,40,2024
231717525,HAM-SIN-SHA,2023-11-27,2024-01-25,40,2024
231715195,HAM-SIN-SHA,2023-11-29,2024-01-27,40,2024
232939492,HAM-SIN-SHA,2023-12-02,2024-01-25,40,2024
232940819,HAM-SIN-SHA,2023-12-02,2024-01-25,40,2024
232940110,HAM-SIN-SHA,2023-12-02,2024-02-22,40,2024
232939495,,2023-12-10,2024-02-09,40,2024
232940822,,2023-12-10,2024-02-09,40,2024
232939503,,2023-12-20,2024-02-09,40,2024
232940820,,2023-12-20,2024-02-09,40,2024
232940116,,2024-01-06,2024-03-04,40,2024
232939508,,2024-01-06,2024-03-03,40,2024
232941358,,2024-01-06,2024-03-03,40,2024
232940816,,2024-01-06,2024-03-03,40,2024
234707219,,2024-01-06,2024-03-03,40,2024
233853205,,2024-01-10,2024-02-21,40,2024
233854250,,2024-01-10,2024-02-21,40,2024
233853193,,2024-01-10,2024-02-21,40,2024
233853203,,2024-01-27,2024-03-15,40,2024
233854251,,2024-01-27,2024-03-15,40,2024
233854249,,2024-02-02,2024-03-25,40,2024
233853199,,2024-02-02,2024-03-25,40,2024
233853201,,2024-02-07,2024-03-25,40,2024
233853213,,2024-02-07,2024-03-26,40,2024
233854252,,2024-02-07,2024-03-25,40,2024
235475222,,2024-02-10,2024-04-03,40,2024
235893882,,2024-02-10,2024-04-03,40,2024
235475220,,2024-02-19,2024-04-18,40,2024
235475227,,2024-02-19,2024-04-18,40,2024
235474676,,2024-02-19,2024-04-18,40,2024
235475218,,2024-02-25,2024-04-25,40,2024
235475213,,2024-02-25,2024-04-25,40,2024
235474674,,2024-02-25,2024-04-25,40,2024
235474672,,2024-03-07,2024-05-23,40,2024
235475217,,2024-03-07,2024-05-08,40,2024
238184621,,2024-03-07,2024-05-23,40,2024
235996502,,2024-03-12,2024-05-10,40,2024
235995989,,2024-03-12,2024-05-11,40,2024
235996504,,2024-03-12,2024-05-08,40,2024
235996511,,2024-03-20,2024-05-14,40,2024
235995991,,2024-03-20,2024-05-14,40,2024
235996510,,2024-03-24,2024-05-23,40,2024
235995990,,2024-03-24,2024-05-23,40,2024
235996512,,2024-03-30,2024-05-23,40,2024
235995993,,2024-03-30,2024-05-23,40,2024
236736815,HAM-TAN-SIN-SHA,2024-04-16,2024-06-19,40,2024
236738817,HAM-TAN-SHA,2024-04-16,2024-06-22,40,2024
237848542,HAM-TAN-SIN-SHA,2024-04-16,2024-06-19,40,2024
236738821,HAM-TAN-SHA,2024-04-26,2024-06-22,40,2024
236736813,HAM-TAN-SHA,2024-04-26,2024-06-22,40,2024
236738820,HAM-BRE-SHA,2024-04-25,2024-06-19,40,2024
236739784,HAM-BRE-SHA,2024-04-25,2024-06-19,40,2024
236737735,HAM-BRE-SHA,2024-04-25,2024-06-19,40,2024
236736820,HAM-BRE-SHA,2024-04-25,2024-06-19,40,2024
236739778,HAM-TAN-SHA,2024-05-04,2024-06-26,40,2024
236737733,HAM-TAN-SHA,2024-05-04,2024-06-26,40,2024
238211057,HAM-TAN-SHA,2024-05-07,2024-06-26,40,2024
238211050,HAM-TAN-SHA,2024-05-07,2024-06-26,40,2024
238211053,HAM-TAN-SHA,2024-05-15,2024-07-08,40,2024
238211565,HAM-TAN-SHA,2024-05-15,2024-07-09,40,2024
238211067,HAM-TAN-SHA,2024-05-15,2024-07-08,40,2024
238211064,HAM-TAN-SHA,2024-05-21,2024-07-12,40,2024
239226276,HAM-SHA,2024-05-21,2024-07-25,40,2024
238211054,HAM-TAN-SHA,2024-05-21,2024-07-12,40,2024
238212161,HAM-TAN-SHA,2024-05-29,2024-07-20,40,2024
238211069,HAM-TAN-SHA,2024-05-29,2024-07-20,40,2024
238211055,HAM-TAN-SHA,2024-05-29,2024-07-20,40,2024
238211056,HAM-TAN-SHA,2024-06-04,2024-07-31,40,2024
238211078,HAM-TAN-SHA,2024-06-04,2024-07-31,40,2024
238212162,HAM-TAN-SHA,2024-06-04,2024-07-31,40,2024
239313156,HAM-TAN-SHA,2024-06-11,2024-07-31,40,2024
239312600,HAM-TAN-SHA,2024-06-20,2024-08-07,40,2024
239312598,HAM-TAN-SHA,2024-06-16,2024-08-07,40,2024
239313160,HAM-TAN-SHA,2024-06-16,2024-08-07,40,2024
239314305,HAM-TAN-SHA,2024-06-16,2024-08-07,40,2024
239313158,HAM-TAN-SHA,2024-06-26,2024-08-20,40,2024
239314304,HAM-TAN-SHA,2024-06-26,2024-08-21,40,2024
239313725,HAM-TAN-SHA,2024-06-26,2024-08-20,40,2024
239313731,HAM-TAN-SHA,2024-07-03,2024-08-30,40,2024
239314303,HAM-TAN-SHA,2024-07-03,2024-08-31,40,2024
239313155,HAM-TAN-SHA,2024-07-03,2024-08-30,40,2024
239314307,HAM-TAN-SHA,2024-07-12,2024-09-03,40,2024
241293807,HAM-TAN-SHA,2024-07-18,2024-09-12,40,2024
241294665,HAM-TAN-SHA,2024-07-18,2024-09-12,40,2024
241295417,HAM-TAN-SHA,2024-07-18,2024-09-12,40,2024
241295414,HAM-TAN-SHA,2024-08-04,2024-09-26,40,2024
241293808,HAM-TAN-SHA,2024-08-04,2024-09-26,40,2024
241296156,HAM-TAN-SHA,2024-08-04,2024-09-26,40,2024
241294663,HAM-TAN-SHA,2024-08-04,2024-09-26,40,2024
241295412,HAM-TAN-SHA,2024-08-04,2024-09-26,40,2024
241294666,HAM-TAN-SHA,2024-08-13,2024-10-08,40,2024
241296160,HAM-TAN-SHA,2024-08-13,2024-10-09,40,2024
241294669,HAM-TAN-SHA,2024-08-13,2024-10-08,40,2024
241296165,HAM-TAN-SHA,2024-08-13,2024-10-09,40,2024
241295419,HAM-SHA,2024-08-13,2024-10-11,40,2024
241295423,HAM-TAN-ALG-SHA,2024-08-19,2024-10-13,40,2024
242367119,HAM-TAN-SHA,2024-08-22,2024-10-10,40,2024
242365937,HAM-TAN-SHA,2024-08-22,2024-10-10,40,2024
242367121,HAM-TAN-SHA,2024-08-27,2024-10-13,40,2024
242365935,HAM-TAN-SHA,2024-08-30,2024-10-13,40,2024
243374104,HAM-TAN-SHA,2024-08-27,2024-10-22,40,2024
242372994,HAM-TAN-SHA,2024-09-03,2024-10-22,40,2024
242365933,HAM-TAN-SHA,2024-09-03,2024-10-22,40,2024
242367124,HAM-TAN-SHA,2024-09-03,2024-10-22,40,2024
242367120,HAM-TAN-MED2-SHA,2024-09-11,2024-11-10,40,2024
242365939,HAM-TAN-SHA,2024-09-11,2024-11-12,40,2024
242365936,HAM-TAN-SHA,2024-10-02,2024-11-26,40,2024
242367122,HAM-BRE-SHA,2024-10-02,2024-11-18,40,2024
242372996,HAM-RTM-SHA,2024-09-27,2024-11-24,40,2024
244356218,HAM-RTM-SHA,2024-09-27,2024-11-24,40,2024
244356216,HAM-TAN-SHA,2024-10-02,2024-11-26,40,2024
243075334,HAM-TAN-SHA,2024-10-11,2024-12-05,40,2024
243075335,HAM-TAN-SHA,2024-10-11,2024-12-05,40,2024
243074752,HAM-TAN-SHA,2024-10-11,2024-12-05,40,2024
243075336,HAM-TAN-SHA,2024-10-11,2024-12-05,40,2024
243074753,HAM-YTN-TPP-SHA,2024-10-11,2024-12-22,50,2025
243075338,HAM-TAN-SHA,2024-10-11,2024-12-05,40,2024
244118271,HAM-TAN-SHA,2024-10-15,2024-12-05,40,2024
244119544,HAM-TAN-SHA,2024-10-15,2024-12-05,40,2024
244118943,HAM-TAN-SHA,2024-10-23,2024-12-21,50,2025
244118945,HAM-TAN-SHA,2024-10-23,2024-12-21,40,2024
244118269,HAM-TAN-SHA,2024-10-23,2024-12-21,40,2024
244119542,HAM-TAN-SHA,2024-10-23,2024-12-21,40,2024
244118944,HAM-TAN-MED2-TAN-SHA,2024-10-31,2024-12-31,50,2025
244118272,HAM-TAN-MED2-TAN-SHA,2024-10-31,2024-12-31,40,2024
244119545,HAM-TAN-MED2-YTN-SHA,2024-10-31,2025-01-16,50,2025
244118946,HAM-TAN-SHA,2024-11-06,2025-01-02,40,2024
244119541,HAM-TAN-SHA,2024-11-18,2025-01-07,50,2025
244118275,HAM-TAN-SHA,2024-11-06,2024-12-31,40,2024
245672055,HAM-TAN-SHA,2024-11-18,2025-01-07,40,2024
245672954,HAM-TAN-SHA,2024-11-18,2025-01-08,50,2025
245671507,HAM-TAN-SHA,2024-11-18,2025-01-08,40,2024
246448344,HAM-TAN-SHA,2024-11-23,2025-01-16,50,2025
246448343,HAM-TAN-SHA,2024-11-23,2025-01-16,40,2024
245672506,HAM-TAN-SHA,2024-11-26,2025-01-21,40,2024
245672960,HAM-TAN-SHA,2024-11-26,2025-01-21,40,2024
245672045,HAM-TAN-SHA,2024-11-26,2025-01-21,40,2024
245672507,HAM-TAN-SHA,2024-12-07,2025-01-27,50,2025
245672046,HAM-TAN-SHA,2024-12-07,2025-01-27,40,2024
245672971,HAM-TAN-SHA,2024-12-07,2025-01-27,50,2025
245672505,HAM-TAN-SHA,2024-12-14,2025-02-09,40,2024
245672956,HAM-TAN-SHA,2024-12-14,2025-02-09,40,2024
245672044,HAM-TAN-SHA,2024-12-14,2025-02-09,40,2024
246451647,HAM-TAN-SHA,2024-12-18,2025-02-11,50,2025
246449429,HAM-TAN-SHA,2024-12-27,2025-02-18,50,2025
246450581,HAM-TAN-SHA,2024-12-29,2025-02-27,50,2025
246451654,HAM-TAN-SHA,2024-12-31,2025-02-18,50,2025
246450587,HAM-TAN-SHA,2025-01-04,2025-03-03,50,2025
246449427,HAM-TAN-SHA,2025-01-04,2025-03-03,50,2025
246450588,HAM-TAN-SHA,2025-01-04,2025-03-03,50,2025
246450584,HAM-TAN-SHA,2025-01-04,2025-03-03,50,2025
246451655,HAM-TAN-SHA,2025-01-04,2025-03-03,50,2025
247891227,HAM-TAN-SHA,2025-01-19,2025-03-13,50,2025
247895526,HAM-TAN-SHA,2025-01-19,2025-03-13,50,2025
247891224,HAM-TAN-SHA,2025-01-23,2025-03-26,50,2025
247888852,HAM-TAN-SHA,2025-01-23,2025-03-26,50,2025
247895307,HAM-TAN-SHA,2025-01-23,2025-03-26,50,2025
247888866,HAM-ANT-SIN-SHA,2025-02-01,2025-04-18,50,2025
247888853,HAM-ANT-SIN-SHA,2025-02-01,2025-04-14,50,2025
247895303,HAM-ANT-SIN-SHA,2025-02-01,2025-04-18,50,2025
247891221,HAM-ANT-SIN-SHA,2025-02-01,2025-04-18,50,2025
247889987,HAM-TAN-SHA,2025-02-06,2025-04-07,50,2025
247895304,HAM-TAN-SHA,2025-02-06,2025-03-26,50,2025
247891220,HAM-TAN-SHA,2025-02-06,2025-04-07,50,2025
248684758,HAM-TAN-SHA,2025-02-14,2025-04-14,50,2025
248684761,HAM-TAN-SHA,2025-02-14,2025-04-14,50,2025
248684755,HAM-TAN-SHA,2025-02-14,2025-04-14,50,2025
248684759,HAM-TAN-SHA,2025-02-17,2025-04-14,50,2025
248685323,HAM-TAN-SHA,2025-02-17,2025-04-14,50,2025
248684754,HAM-TAN-SHA,2025-02-17,2025-04-14,50,2025
249602089,HAM-TAN-SHA,2025-02-24,2025-04-22,50,2025
249600718,HAM-TAN-SHA,2025-02-24,2025-04-22,50,2025
249603486,HAM-TAN-SHA,2025-03-04,2025-04-26,50,2025
250404566,HAM-TAN-SHA,2025-03-03,2025-04-26,50,2025
250405877,HAM-TAN-SHA,2025-03-03,2025-04-26,50,2025
250405875,HAM-TAN-SHA,2025-03-03,2025-04-26,50,2025
249600717,HAM-TAN-SHA,2025-03-08,2025-05-01,50,2025
249603482,HAM-TAN-SHA,2025-03-08,2025-05-01,50,2025
249602786,HAM-TAN-SHA,2025-03-08,2025-05-01,50,2025
249603488,HAM-TAN-SHA,2025-03-17,2025-05-10,50,2025
249601410,HAM-TAN-SHA,2025-03-17,2025-05-10,50,2025
252159606,HAM-TAN-SHA,2025-03-17,2025-05-28,50,2025
249602785,HAM-TAN-SHA,2025-03-17,2025-05-10,50,2025
250353595,HAM-SIN-SHA,2025-03-31,2025-05-20,50,2025
250356360,HAM-NGB-SHA,2025-03-31,2025-05-24,50,2025
250355466,HAM-SIN-SHA,2025-03-31,2025-05-20,50,2025
250355471,HAM-SIN-SHA,2025-03-31,2025-06-22,50,2025
250354518,HAM-SHA,2025-04-06,2025-05-21,50,2025
250355478,HAM-SHA,2025-04-06,2025-05-21,50,2025
250354515,HAM-SHA,2025-04-06,2025-05-21,50,2025
250354520,HAM-SHA,2025-04-19,2025-06-06,50,2025
250356220,HAM-SHA,2025-04-19,2025-05-28,50,2025
252232944,HAM-SHA,2025-04-19,2025-05-28,50,2025
250365470,HAM-SHA,2025-04-19,2025-06-06,50,2025
251614944,HAM-SHA,2025-04-19,2025-06-06,50,2025
251612866,HAM-TPP-SHA,2025-04-25,2025-06-23,50,2025
252509676,HAM-SHA,2025-04-19,2025-06-06,50,2025
251615841,HAM-SHA,2025-04-19,2025-06-06,50,2025
251613866,HAM-SHA,2025-05-04,2025-06-19,50,2025
251614936,HAM-SHA,2025-05-04,2025-06-19,50,2025
251616906,HAM-SHA,2025-05-04,2025-06-19,50,2025
251612875,HAM-SHA,2025-05-04,2025-06-19,50,2025
251615944,HAM-SHA,2025-05-04,2025-06-19,50,2025
252809653,HAM-SHA,2025-05-04,2025-06-19,50,2025
251613865,HAM-SHA,2025-05-12,2025-07-06,50,2025
251615059,HAM-SHA,2025-05-12,2025-07-05,50,2025
251614947,HAM-SHA,2025-05-12,2025-07-05,50,2025
251613871,HAM-SHA,2025-05-12,2025-07-04,50,2025
251614941,HAM-SHA,2025-05-12,2025-07-04,50,2025
253354255,HAM-TPP-SHA,2025-05-23,2025-07-12,50,2025
253353301,HAM-TPP-SHA,2025-05-23,2025-07-12,50,2025
253355634,HAM-TPP-SHA,2025-05-23,2025-07-12,50,2025
253355626,HAM-SHA,2025-06-01,2025-07-17,50,2025
253353304,HAM-SHA,2025-06-01,2025-07-17,50,2025
253355639,HAM-SHA,2025-06-16,2025-08-02,50,2025
253355630,HAM-SHA,2025-06-07,2025-07-24,50,2025
253355641,HAM-SHA,2025-06-16,2025-08-02,50,2025
253353303,HAM-SHA,2025-06-07,2025-07-24,50,2025
253355633,HAM-SHA,2025-06-16,2025-08-02,50,2025
253354243,HAM-SHA,2025-06-16,2025-08-02,50,2025
254758345,HAM-SHA,2025-06-22,2025-08-10,50,2025
254758350,HAM-SHA,2025-06-22,2025-08-10,50,2025
254758351,HAM-SHA,2025-06-22,2025-08-10,50,2025
254758349,HAM-SHA,2025-06-29,2025-08-15,50,2025
254758348,HAM-SHA,2025-06-29,2025-08-15,50,2025
254758346,HAM-SHA,2025-06-29,2025-08-15,50,2025
254758353,HAM-SHA,2025-06-29,2025-08-15,50,2025
255123821,HAM-SIN-SHA,2025-07-06,2025-09-07,50,2025
255124651,HAM-NGB-SHA,2025-07-06,2025-08-31,50,2025
255123828,HAM-SIN-SHA,2025-07-06,2025-09-07,50,2025
255123835,HAM-SHA,2025-07-13,2025-08-30,50,2025
255123820,HAM-SHA,2025-07-20,2025-09-06,50,2025
255124655,HAM-SHA,2025-07-13,2025-08-31,50,2025
255123833,HAM-SHA,2025-08-11,2025-09-26,50,2025
255124653,HAM-SHA,2025-07-20,2025-09-07,50,2025
257216550,HAM-TPP-SHA,2025-08-09,2025-09-29,50,2025
258050626,HAM-SHA,2025-08-18,2025-10-03,50,2025
255123832,HAM-SHA,2025-07-28,2025-09-11,50,2025
255123836,HAM-SHA,2025-07-28,2025-09-11,50,2025
255124656,HAM-SHA,2025-07-28,2025-09-11,50,2025
257016593,HAM-SHA,2025-08-04,2025-09-19,50,2025
257029029,HAM-TPP-SHA,2025-08-09,2025-09-29,50,2025
255123829,HAM-TPP-SHA,2025-08-21,2025-10-05,50,2025
255124650,HAM-SHA,2025-08-24,2025-10-16,50,2025
257317063,HAM-TAN-SHA,2025-08-13,2025-10-03,50,2025
256575600,HAM-TPP-SHA,2025-08-21,2025-10-17,50,2025
256572638,HAM-TPP-SHA,2025-08-21,2025-10-17,50,2025
257611170,HAM-TAN-SHA,2025-08-21,2025-10-16,50,2025
256576911,HAM-SHA,2025-08-11,2025-09-26,50,2025
256575604,HAM-SHA,2025-08-24,2025-10-16,50,2025
256574130,HAM-TPP-SHA,2025-08-29,2025-11-02,50,2025
256576918,HAM-SHA,2025-08-18,2025-10-03,50,2025
256575598,HAM-SHA,2025-08-24,2025-10-16,50,2025
256574142,HAM-SHA,2025-08-24,2025-10-16,50,2025
256576915,HAM-SHA,2025-08-24,2025-10-16,50,2025
258242681,HAM-SHA,2025-08-24,2025-10-16,50,2025
258526998,HAM-SHA,2025-08-31,2025-10-25,50,2025
256575602,HAM-SHA,2025-08-31,2025-10-25,50,2025
256574136,HAM-SHA,2025-09-06,2025-10-30,50,2025
256576920,HAM-SHA,2025-08-31,2025-10-25,50,2025
256575605,HAM-SHA,2025-09-06,2025-10-30,50,2025
256574139,HAM-SHA,2025-09-06,2025-10-30,50,2025
256576922,HAM-SHA,2025-09-08,2025-10-30,50,2025
257882983,HAM-SHA,2025-09-14,2025-11-07,50,2025
257882290,HAM-SHA,2025-09-14,2025-11-07,50,2025
257882986,HAM-SHA,2025-09-14,2025-11-07,50,2025
257882992,HAM-SHA,2025-09-26,2025-11-15,50,2025
257883790,HAM-SHA,2025-09-26,2025-11-15,50,2025
257882291,HAM-FEB-SHA,2025-09-26,2025-11-19,50,2025
257882984,HAM-SHA,2025-09-30,2025-11-21,50,2025
257882289,HAM-SHA,2025-09-30,2025-11-21,50,2025
257883796,HAM-SHA,2025-09-30,2025-11-21,50,2025
258528527,HAM-SHA,2025-09-09,2025-10-30,50,2025
259368033,HAM-SHA,2025-10-10,2025-11-28,50,2025
259370485,HAM-SHA,2025-10-10,2025-11-28,50,2025
259365974,HAM-SHA,2025-10-10,2025-11-28,50,2025
259367196,HAM-SIN-SHA,2025-10-20,2025-12-07,50,2025
259369197,HAM-SIN-SHA,2025-10-20,2025-12-07,50,2025
259371804,HAM-TPP-SHA,2025-10-17,2025-12-05,50,2025
259367194,HAM-SHA,2025-10-27,2025-12-11,50,2025
259369196,HAM-SHA,2025-10-27,2025-12-11,50,2025
259371806,HAM-SHA,2025-10-27,2025-12-11,50,2025
260703549,HAM-SHA,2025-11-03,2025-12-18,50,2025
260704221,HAM-SHA,2025-11-03,2025-12-18,50,2025
260704220,HAM-SHA,2025-11-03,2025-12-18,50,2025
259369216,HAM-SHA,2025-11-03,2025-12-18,50,2025
259371809,HAM-SHA,2025-11-09,2025-12-26,50,2025
259369198,HAM-SHA,2025-11-09,2025-12-26,50,2025
259367205,HAM-SHA,2025-11-09,2025-12-26,50,2025
259152563,HAM-SHA,2025-09-26,2025-11-13,50,2025
259311737,HAM-SHA,2025-10-17,2025-12-04,50,2025
260062231,HAM-SHA,2025-10-27,2025-12-12,50,2025
260958110,HAM-SHA,2025-11-18,2026-01-01,50,2025
260957512,HAM-SHA,2025-11-18,2026-01-01,50,2025
260958718,HAM-SHA,2025-11-18,2026-01-01,50,2025
260958115,HAM-SHA,2025-12-08,2026-01-24,50,2025
260958722,HAM-SHA,2025-12-08,2026-01-24,50,2025
260958112,HAM-SHA,2025-12-08,2026-01-24,50,2025
262390973,HAM-SLL-SHA,2025-12-23,2026-02-16,50,2025
